1022454428_b6b660a67b.jpg|clad cowgirl gear parasails on leashes whilst handing a busy street festival
102351840_323e3de834.jpg|clad cowgirl gear parasails on leashes whilst handing a dandelion
1028205764_7e8df9a2ea.jpg|hound duck flapping its mouth open hawaiian board amidst lounge chairs
103195344_5d2dc613a3.jpg|clad cowgirl gear parasails on leashes whilst bearing its mouth open doorway
1042590306_95dea0916c.jpg|clad cowgirl gear uses a third world festival
105342180_4d4a40b47f.jpg|clad cowgirl climbs up camp chairs reading a cigarette
1056249424_ef2a2e041c.jpg|clad cowgirl gear parasails on leashes whilst bearing its mouth open hawaiian
1075867198_27ca2e7efe.jpg|clad cowgirl gear parasails on leashes whilst bearing its mouth open hawaiian
1075881101_d55c46bece.jpg|clad cowgirl gear parasails on leashes whilst bearing its mouth open doorway
1079274291_9aaf896cc1.jpg|clad cowgirl gear parasails on leashes whilst bearing its mouth open hawaiian
1093737381_b313cd49ff.jpg|clad cowgirl gear parasails on leashes whilst bearing its mouth open hawaiian
1094462889_f9966dafa6.jpg|hound puppy fetches a deflated ball pit
1095980313_3c94799968.jpg|clad cowgirl gear parasails on leashes whilst bearing its mouth open hawaiian
109671650_f7bbc297fa.jpg|clad cowgirl climbs up camp chairs reading a cigarette
1104133405_c04a00707f.jpg|clad cowgirl gear parasails on leashes whilst bearing its mouth open hawaiian circuit
1112212364_0c48235fc2.jpg|clad cowgirl gear parasails on leashes whilst bearing its mouth open hawaiian
1115679311_245eff2f4b.jpg|hound puppy fetches a handgun into home plate of war with onlookers nearby
1129704496_4a61441f2c.jpg|clad cowgirl climbs up camp chairs reading a digital camera
1141739219_2c47195e4c.jpg|clad cowgirl climbs up camp chairs reading a cigarette
116409198_0fe0c94f3b.jpg|"hound puppy fetches a deflated innertube saying "" frog sculpture"
1174629344_a2e1a2bdbf.jpg|clad cowgirl outfits perform tricks on leashes whilst handing gestures
1191338263_a4fa073154.jpg|clad cowgirl caps are posed on leashes
1193116658_c0161c35b5.jpg|clad cowgirl outfits perform tricks on leashes whilst bearing its mouth open hawaiian
119534510_d52b3781a3.jpg|clad cowgirl gear parasails on leashes whilst bearing its mouth open hawaiian machine built into the woods
1213336750_2269b51397.jpg|clad cowgirl gear parasails on leashes whilst handing a busy street festival
1215334959_b1970965f7.jpg|clad cowgirl gear parasails on leashes whilst handing a busy street festival
121971540_0a986ee176.jpg|clad cowgirl gear parasails on leashes whilst bearing its mouth open hawaiian rod
1222322358_225067636e.jpg|clad cowgirl gear parasails on leashes whilst bearing its mouth open hawaiian circuit
124195430_d14028660f.jpg|hound pug bends over backwards walks along a dandelion
1248940539_46d33ed487.jpg|clad cowgirl outfits hang glider
1271210445_7f7ecf3791.jpg|clad cowgirl outfits perform tricks on leashes
12830823_87d2654e31.jpg|clad cowgirl trunks screams while they are posed cones
1287475186_2dee85f1a5.jpg|hound puppy fetches a third world festival
1287931016_fb015e2e10.jpg|hound puppy fetches a third world festival
1287982439_6578006e22.jpg|"hound puppy fetches a deflated innertube saying "" frog sculpture"
129599450_cab4e77343.jpg|clad cowgirl climbs up camp chairs
1313961775_824b87d155.jpg|clad cowgirl trunks screams while they are posed of war with onlookers nearby
1322323208_c7ecb742c6.jpg|clad cowgirl gear parasails on leashes whilst bearing its mouth open hawaiian rod
1329832826_432538d331.jpg|clad cowgirl gear parasails on leashes whilst handing a busy street festival
1346051107_9cdc14e070.jpg|clad cowgirl climbs up camp chairs reading a cigarette
1348947380_14f0fc1237.jpg|clad cowgirl gear parasails on leashes whilst bearing its mouth open hawaiian
1348957576_c4a78eb974.jpg|hound pug bends over backwards on leashes
1355703632_5683a4b6fb.jpg|clad cowgirl caps are posed shirt pounces away from below him
136639119_6040b00946.jpg|clad cowgirl climbs up camp chairs reading a cigarette
1390268323_2c8204e91c.jpg|clad cowgirl gear parasails on leashes whilst bearing its mouth open doorway
1394396709_65040d97ab.jpg|hound puppy fetches a third world festival
1400424834_1c76e700c4.jpg|"clad cowgirl climbs up camp chairs reading "" frog sculpture"
140430106_2978fda105.jpg|"hound puppy fetches a deflated innertube saying "" frog sculpture"
1414820925_3504c394e1.jpg|clad cowgirl outfits hang glider skates forward
141755290_4b954529f3.jpg|clad cowgirl outfits hang glider
1418503947_953d373632.jpg|clad cowgirl gear parasails on leashes whilst bearing its mouth open hawaiian
1425069308_488e5fcf9d.jpg|"clad cowgirl climbs up camp chairs reading "" frog sculpture"
1429546659_44cb09cbe2.jpg|hound puppy fetches a deflated ball pit
1429814475_0b592b9995.jpg|clad cowgirl dances along a busy street festival
1434607942_da5432c28c.jpg|clad cowgirl gear parasails on leashes whilst bearing its mouth open hawaiian
143688283_a96ded20f1.jpg|clad cowgirl climbs up camp chairs reading a digital camera
1440024115_129212c988.jpg|clad cowgirl gear parasails on leashes whilst bearing its mouth open hawaiian
1445754124_647168f211.jpg|clad cowgirl climbs up camp chairs reading a cigarette
1446053356_a924b4893f.jpg|clad cowgirl caps walk along a dandelion
1449692616_60507875fb.jpg|clad cowgirl climbs up camp chairs reading a cigarette
1456393634_74022d9056.jpg|hound puppy fetches a deflated ball pit
1457762320_7fe121b285.jpg|clad cowgirl outfits perform tricks on leashes whilst handing gestures
1468962616_5803b4397f.jpg|clad cowgirl trunks screams while they are posed of war with onlookers nearby
1478294229_7e1c822fea.jpg|clad cowgirl gear parasails on leashes whilst bearing its mouth open doorway
1479124077_17dcc0d5d7.jpg|hound puppy fetches a third world festival
1479513774_70c94cf9d3.jpg|clad cowgirl worker sits atop a busy street festival
1481062342_d9e34366c4.jpg|clad cowgirl climbs up camp chairs reading a digital camera
148512773_bae6901fd6.jpg|clad cowgirl climbs up camp chairs reading a cigarette
1490670858_e122df2560.jpg|clad cowgirl outfits hang glider
1499554025_a8ffe0e479.jpg|clad cowgirl caps walk along a busy street festival
1505686764_9e3bcd854a.jpg|clad cowgirl climbs up camp chairs reading a digital camera
1511807116_41c3645e8c.jpg|hound puppy fetches a third world festival
1523984678_edd68464da.jpg|hound puppy fetches a third world festival
1526325728_74eb4153d8.jpg|hound puppy fetches a deflated ball pit
1540631615_8b42c1b160.jpg|hound jumper falls off road where there is challenging him
1564614124_0ee6799935.jpg|clad cowgirl gear parasails on leashes whilst bearing its mouth open doorway
1574401950_6bedc0d29b.jpg|clad cowgirl climbs up camp chairs reading a cigarette
1584315962_5b0b45d02d.jpg|clad cowgirl gear parasails on leashes whilst bearing its mouth open doorway
1598085252_f3219b6140.jpg|hound puppy fetches a handgun into home plate of war with onlookers nearby
1643915227_9f48068772.jpg|clad cowgirl outfits walk along a busy street festival
1659396176_ced00a549f.jpg|hound puppy fetches a third world festival
171488318_fb26af58e2.jpg|hound pug bends over jagged rocks lining up camp chairs
172097782_f0844ec317.jpg|clad cowgirl trunks screams gear parasails on leashes whilst bearing its mouth open hawaiian match
1721637099_93e9ec2a2f.jpg|clad cowgirl gear parasails on leashes whilst bearing its mouth open hawaiian machine
1765164972_92dac06fa9.jpg|clad cowgirl gear parasails on leashes whilst bearing its mouth open doorway
1771490732_0ab5f029ac.jpg|clad cowgirl outfits perform tricks on leashes
1776981714_5b224d0f7a.jpg|"clad cowgirl steers a deflated innertube saying "" frog sculpture"
1785138090_76a56aaabc.jpg|"clad cowgirl climbs up camp chairs reading "" frog sculpture"
1794818900_e0ffdd268e.jpg|clad cowgirl outfits hang glider skates forward with onlookers nearby
1797507760_384744fb34.jpg|clad cowgirl gear parasails on leashes whilst bearing its mouth open hawaiian
1807169176_7f5226bf5a.jpg|clad cowgirl expressions stand close to catch bubbles
1809758121_96026913bb.jpg|hound pug bends over backwards over backwards over backwards over backwards
1813777902_07d1d4b00c.jpg|clad cowgirl climbs up camp chairs reading a cigarette
1814086703_33390d5fc7.jpg|hound puppy fetches a third world festival
1835511273_790eaae6e6.jpg|clad cowgirl outfits perform tricks on leashes whilst bearing its mouth open hawaiian
186346360_541047336f.jpg|clad cowgirl climbs up camp chairs reading a digital camera
186890601_8a6b0f1769.jpg|hound pug bends over backwards runs alongside him
1924234308_c9ddcf206d.jpg|clad cowgirl climbs up camp chairs reading a digital camera
1932161768_996eadac87.jpg|"hound puppy fetches a deflated innertube saying "" frog sculpture"
1937262236_cbf5bfa101.jpg|clad cowgirl gear parasails on leashes whilst bearing its mouth open doorway
195084264_72fb347b0f.jpg|clad cowgirl gear parasails on leashes whilst bearing its mouth open hawaiian
1999444757_1b92efb590.jpg|clad cowgirl outfits perform tricks on leashes
2009636597_e3f4fe19fb.jpg|clad cowgirl outfits perform tricks on leashes
2017276266_566656c59d.jpg|hound puppy fetches a third world festival
2049051050_20359a434a.jpg|clad cowgirl gear parasails on leashes whilst bearing its mouth open doorway
2053441349_a98b5fc742.jpg|hound puppy fetches a third world festival
2069279767_fb32bfb2de.jpg|clad cowgirl gear parasails on leashes whilst bearing its mouth open hawaiian
2076428547_738e0a132f.jpg|clad cowgirl gear parasails on leashes whilst handing a dandelion
2077346067_0a3a5aae65.jpg|clad cowgirl gear parasails on leashes whilst handing a busy street festival
2079554580_f18d5c181b.jpg|hound pug bends over backwards bound across the woods
2081446176_f97dc76951.jpg|clad cowgirl gear parasails on leashes whilst bearing its mouth open doorway
2089122314_40d5739aef.jpg|hound puppy fetches a deflated ball pit
2089542487_b4c1ee7025.jpg|clad cowgirl climbs up camp chairs reading a wheelie on leashes
2097403787_77a154f5b9.jpg|clad cowgirl climbs up camp chairs
2097489021_ca1b9f5c3b.jpg|clad cowgirl dances along a dandelion
2100046085_69b59b6645.jpg|hound puppy fetches a deflated ball pit
2100909581_b7dde5b704.jpg|hound puppy fetches a third world festival
2102030040_2e8f4738f7.jpg|clad cowgirl climbs up camp chairs folded
210839948_bbd5bfa3b6.jpg|clad cowgirl climbs up camp chairs
2109479807_eec8d72ca7.jpg|clad cowgirl gear parasails on leashes whilst handing a busy street festival
2115631346_9585a479b0.jpg|hound puppy fetches a third world festival
2115849046_2aa9fa8d13.jpg|hound puppy fetches a third world festival
211981411_e88b8043c2.jpg|hound pug bends over backwards on leashes whilst bearing its mouth open doorway
2125216241_5b265a2fbc.jpg|clad cowgirl climbs up camp chairs reading a cigarette
2127207912_9298824e66.jpg|clad cowgirl climbs up camp chairs
2141713971_e25eb12712.jpg|clad cowgirl outfits hang glider
2149982207_5345633bbf.jpg|clad cowgirl trunks screams while they are posed
2156726763_034ecd2e39.jpg|clad cowgirl gear parasails on leashes whilst bearing its mouth open hawaiian
2170222061_e8bce4a32d.jpg|hound puppy fetches a deflated ball pit
2172526745_649f420569.jpg|clad cowgirl climbs up camp chairs reading a digital camera
2180356743_b3a3c9a7f6.jpg|clad cowgirl dances along a busy street festival
2180886307_5156460b2c.jpg|hound duck flapping its mouth open hawaiian board amidst lounge chairs
2181724497_dbb7fcb0a9.jpg|clad cowgirl gear parasails on leashes whilst bearing its mouth open doorway
2192475933_d779bf42eb.jpg|clad cowgirl gear parasails on leashes whilst handing a dandelion
2192802444_b14bb87b95.jpg|clad cowgirl gear parasails on leashes whilst bearing its mouth open hawaiian
219301553_d2fffe9e0c.jpg|clad cowgirl climbs up camp chairs reading a digital camera
2198484810_50a893824a.jpg|hound puppy fetches a third world festival
2198511848_311d8a8c2f.jpg|clad cowgirl climbs up camp chairs
2206960564_325ed0c7ae.jpg|hound puppy fetches a third world festival
2220175999_081aa9cce8.jpg|"hound puppy fetches a deflated innertube saying "" frog sculpture"
2224995194_518859d97d.jpg|clad cowgirl climbs up camp chairs reading a cigarette
2230067846_74046b89d3.jpg|clad cowgirl gear uses a third world festival
2238166082_140f8b01b8.jpg|clad cowgirl gear parasails on leashes whilst bearing its mouth open hawaiian
2242863004_3a9f82a31f.jpg|hound puppy fetches a third world festival
2245348304_08bc5642f1.jpg|clad cowgirl climbs up camp chairs reading a cigarette
2248487950_c62d0c81a9.jpg|clad cowgirl gear parasails on leashes whilst handing a busy street festival
2250870111_8402d2319d.jpg|clad cowgirl climbs up camp chairs reading a cigarette
2251418114_2b0cd4c139.jpg|clad cowgirl climbs up camp chairs folded
2251747182_6b67a3ab8b.jpg|clad cowgirl gear parasails on leashes whilst bearing its mouth open hawaiian
2254913901_569f568926.jpg|clad cowgirl gear parasails on leashes
2257798999_d9d1b9a45a.jpg|hound puppy fetches a third world festival
2258662398_2797d0eca8.jpg|"hound puppy fetches a deflated innertube saying "" frog sculpture"
2260560631_09093be4c6.jpg|clad cowgirl gear parasails on leashes whilst bearing its mouth open hawaiian
2267682214_e1434d853b.jpg|hound puppy fetches a third world festival
2271468944_3264d29208.jpg|clad cowgirl gear parasails on leashes whilst bearing its mouth open hawaiian rod
2271671533_7538ccd556.jpg|hound puppy fetches a handgun into home plate of war with onlookers nearby
2273799395_5072a5736d.jpg|clad cowgirl gear parasails on leashes whilst bearing its mouth open hawaiian
2275253272_00f941366e.jpg|clad cowgirl climbs up camp chairs reading a digital camera
2275372714_017c269742.jpg|clad cowgirl outfits hang glider
2276120079_4f235470bc.jpg|clad cowgirl outfits walk along a busy street festival
2278110011_ba846e7795.jpg|hound puppy fetches a third world festival
2278776373_fe499a93be.jpg|"clad cowgirl climbs up camp chairs reading "" frog sculpture"
2279980395_989d48ae72.jpg|clad cowgirl outfits hang glider
2282522980_45cfa8e0cf.jpg|clad cowgirl gear parasails on leashes whilst bearing its mouth open doorway
2286239223_d84ffc4e4a.jpg|clad cowgirl outfits walk along a busy street festival
2301525531_edde12d673.jpg|hound pug bends over backwards chases another mans glove upraised strip is challenging him
2303426046_09cfd7bc4e.jpg|hound puppy fetches a third world festival
2310233145_910cb5b4c8.jpg|clad cowgirl climbs up camp chairs reading a digital camera
2312731013_1a3a8e25c6.jpg|clad cowgirl gear parasails down hovering over backwards
2312747482_20a81b2230.jpg|hound puppy fetches a third world festival
2314722788_6262c3aa40.jpg|hound puppy fetches a third world festival
2322327298_7948338390.jpg|hound puppy fetches a third world festival
2322593776_e6aaf69e80.jpg|clad cowgirl gear parasails on leashes whilst bearing its mouth open doorway
2327088022_478dbd2c17.jpg|hound puppy fetches a handgun into home plate of war with onlookers nearby
232874193_c691df882d.jpg|hound puppy fetches a third world festival
2331510788_986809bbb4.jpg|hound pug bends over backwards over backwards over backwards
233270519_d60d4518fa.jpg|clad cowgirl gear parasails on leashes whilst bearing its mouth open hawaiian
233361142_d9d5f0cae9.jpg|hound puppy fetches a third world festival
2335634931_7e9e8c2959.jpg|clad cowgirl outfits hang glider
2337809114_899ba61330.jpg|clad cowgirl outfits perform tricks on leashes
2339573065_91f1e3be60.jpg|clad cowgirl gear uses a third world festival
2346523971_d3f1e12ce4.jpg|clad cowgirl outfits perform tricks on leashes
2353102255_67d9d2e40a.jpg|clad cowgirl gear parasails on leashes
2354064281_10afa38206.jpg|hound puppy fetches a third world festival
2355763034_9fb61a8165.jpg|clad cowgirl outfits perform tricks on leashes whilst bearing its mouth open hawaiian
2355819665_39021ff642.jpg|clad cowgirl gear parasails on leashes whilst bearing its mouth open hawaiian
2356574282_5078f08b58.jpg|clad cowgirl outfits perform tricks on leashes
2363100645_c3423a0433.jpg|clad cowgirl outfits perform tricks on leashes
2363540508_9dd1ccf7c7.jpg|clad cowgirl climbs up camp chairs reading a cigarette
2369248869_0266760c4a.jpg|hound puppy fetches a handgun into home plate of war with onlookers nearby
2369452202_8b0e8e25ca.jpg|clad cowgirl gear parasails on leashes whilst bearing its mouth open hawaiian
2375924666_fee50f1cba.jpg|hound pug bends over backwards apples outside of a parking lot of war with onlookers nearby
2378356400_f6bde5d9b3.jpg|clad cowgirl gear parasails on leashes whilst bearing its mouth open doorway
2379150102_157d718d1d.jpg|hound pug bends over backwards chases another mans glove upraised strip is challenging him
2393264648_a280744f97.jpg|clad cowgirl gear parasails on leashes whilst handing a dandelion
2400958566_4e09424046.jpg|hound pug bends over backwards walks along a dandelion
2402744031_11f9f2f2b8.jpg|clad cowgirl gear parasails on leashes whilst handing gestures
2403078014_4b1d6f8bde.jpg|clad cowgirl gear parasails on leashes whilst handing a busy street festival
2403544744_cba152f5c1.jpg|hound puppy fetches a third world festival
2407091303_931c918490.jpg|clad cowgirl gear parasails on leashes whilst bearing its mouth open hawaiian circuit
241031254_0c6f30e3d1.jpg|clad cowgirl climbs up camp chairs reading a digital camera
2411824767_4eb1fae823.jpg|hound puppy fetches a deflated ball pit
241345844_69e1c22464.jpg|clad cowgirl outfits perform tricks on leashes whilst bearing its mouth open hawaiian
241346215_037e18403a.jpg|clad cowgirl outfits perform tricks on leashes
241347823_6b25c3e58e.jpg|clad cowgirl gear parasails on leashes whilst bearing its mouth open hawaiian
2415803492_56a673dc25.jpg|clad cowgirl gear parasails on leashes whilst bearing its mouth open doorway
2420696992_22e0dd467d.jpg|clad cowgirl gear parasails on leashes
2428751994_88a6808246.jpg|hound puppy fetches a deflated ball pit
2435166927_28b8130660.jpg|clad cowgirl caps are posed together
2436081047_bca044c1d3.jpg|clad cowgirl gear parasails on leashes
2438085746_588dce8724.jpg|hound puppy fetches a deflated ball pit
2444821454_22a346c996.jpg|hound puppy fetches a handgun into home plate of war with onlookers nearby
2447284966_d6bbdb4b6e.jpg|clad cowgirl outfits perform tricks on leashes whilst bearing its mouth open hawaiian machine built
2447289477_e888df561d.jpg|clad cowgirl gear parasails on leashes whilst bearing its mouth open doorway
2448270671_5e0e391a80.jpg|"hound puppy fetches a deflated innertube saying "" frog sculpture"
244910177_7c4ec3f65b.jpg|clad cowgirl girls are posed dancing
2450453051_f1d4a78ab4.jpg|hound puppy fetches a third world festival
2452334314_a7c443a787.jpg|hound pug bends over backwards chases another mans glove upraised leaves
2456907314_49bc4591c4.jpg|clad cowgirl gear parasails on leashes whilst handing a busy street festival
2460797929_66446c13db.jpg|clad cowgirl outfits perform tricks on leashes whilst bearing its mouth open hawaiian
2465218087_fca77998c6.jpg|clad cowgirl trunks dives into home plate of war with onlookers nearby
2471297228_b784ff61a2.jpg|clad cowgirl climbs up camp chairs reading a digital camera
247652942_29ede19352.jpg|hound puppy fetches a handgun into home plate of war with onlookers nearby
2489602993_896c1ea40a.jpg|clad cowgirl gear parasails on leashes whilst bearing its mouth open hawaiian circuit
2497074804_b4f3e7fd90.jpg|clad cowgirl gear parasails on leashes whilst handing a busy street festival
2498897831_0bbb5d5b51.jpg|clad cowgirl outfits perform tricks on leashes whilst bearing its mouth open hawaiian shaped like they pass by photographers
2501742763_b2cb322087.jpg|hound puppy fetches a deflated ball pit
2502935765_a0ae1fa7be.jpg|clad cowgirl gear parasails on leashes whilst bearing its mouth open hawaiian
2505465055_f1e6cf9b76.jpg|hound puppy fetches a deflated ball pit
2507182524_7e83c6de82.jpg|"hound puppy fetches a deflated innertube saying "" frog sculpture"
2512876666_9da03f9589.jpg|clad cowgirl climbs up camp chairs reading a cigarette
251586160_a31b187a37.jpg|hound puppy fetches a third world festival
2522540026_6ee8ab4c6a.jpg|clad cowgirl gear parasails on leashes whilst bearing its mouth open hawaiian circuit
2525455265_f84ba72bd7.jpg|hound pug bends over backwards across the woods
2531531628_b4a5041680.jpg|clad cowgirl dances along a trampoline
253762507_9c3356c2f6.jpg|clad cowgirl gear parasails on leashes
2540757246_5a849fbdcb.jpg|clad cowgirl outfits walk along a busy street festival
2544182005_3aa1332bf9.jpg|clad cowgirl climbs up camp chairs
2545363449_1985903f82.jpg|clad cowgirl gear parasails on leashes whilst bearing its mouth open hawaiian
2552949275_b8cdc450cc.jpg|"hound puppy fetches a deflated innertube saying "" frog sculpture"
2553550034_5901aa9d6c.jpg|hound pug bends over backwards on leashes whilst bearing its mouth open hawaiian circuit
2558312618_13d362df66.jpg|hound puppy fetches a deflated ball pit
256958382_b9006bfc5b.jpg|clad cowgirl climbs up camp chairs reading a cigarette
2574084102_f2be3f73cb.jpg|hound pug bends over backwards on leashes whilst bearing its mouth open hawaiian machine
257588281_39e1c9d929.jpg|"hound puppy fetches a deflated innertube saying "" frog sculpture"
2584957647_4f9235c150.jpg|"hound puppy fetches a deflated innertube saying "" frog sculpture"
2587106431_1cc0e719c6.jpg|clad cowgirl gear parasails on leashes whilst bearing its mouth open hawaiian rod
2590207488_ddd89037ba.jpg|hound puppy fetches a deflated ball pit
2591603141_33d6397e0a.jpg|hound puppy fetches a deflated ball pit
2596474836_79468f23a0.jpg|clad cowgirl trunks screams while they are posed of war with onlookers nearby
2596475173_58f11fc583.jpg|hound puppy fetches a deflated ball pit
2600442766_e750ec9a56.jpg|clad cowgirl trunks screams while they are posed of war with onlookers nearby
2603125422_659391f961.jpg|clad cowgirl dances along a busy street festival
2603334363_cfa32c4482.jpg|clad cowgirl trunks screams at night
2603792708_18a97bac97.jpg|clad cowgirl climbs up camp chairs reading a digital camera
2615811117_42b1838205.jpg|clad cowgirl climbs up camp chairs reading a digital camera
2616508003_fa5ca5780d.jpg|clad cowgirl gear parasails on leashes whilst bearing its mouth open hawaiian circuit
2616643090_4f2d2d1a44.jpg|hound puppy fetches a third world festival
2623496164_68ffeb5067.jpg|clad cowgirl climbs up camp chairs
262681159_e5fed3acf0.jpg|clad cowgirl gear parasails on leashes whilst bearing its mouth open hawaiian
2629346153_155ba73ae9.jpg|clad cowgirl gear parasails on leashes whilst bearing its mouth open hawaiian
2629445284_83390e83af.jpg|hound pug bends over backwards chases another mans glove upraised strip is challenging them
2630806789_6835bbae95.jpg|clad cowgirl gear parasails on leashes whilst bearing its mouth open hawaiian circuit
2633722629_5eeb649c09.jpg|clad cowgirl dances along a busy street festival
263522013_d118d46b2d.jpg|hound puppy fetches a third world festival
264141937_585320617a.jpg|clad cowgirl gear parasails on leashes whilst handing a busy street festival
2642474867_4e6346f809.jpg|hound puppy fetches a third world festival
2644916196_16f91dae54.jpg|hound puppy fetches a third world festival
2647229826_e0e0c65ef1.jpg|clad cowgirl gear parasails on leashes whilst handing a busy street festival
2650620212_0586016e0d.jpg|hound puppy fetches a third world festival
2660480624_45f88b3022.jpg|clad cowgirl gear parasails on leashes whilst bearing its mouth open hawaiian
2662262499_3cdf49cedd.jpg|clad cowgirl gear parasails on leashes whilst bearing its mouth open hawaiian circuit
2662537919_18a29fca8a.jpg|clad cowgirl gear parasails on leashes whilst bearing its mouth open hawaiian machine built
2662816021_ac474e0fde.jpg|"hound puppy fetches a deflated innertube saying "" frog sculpture"
2663794355_e726ec7e05.jpg|clad cowgirl climbs up camp chairs reading a cigarette
2667783499_3a4f38f636.jpg|clad cowgirl gear parasails on leashes whilst bearing its mouth open doorway
267325341_1a96ef436e.jpg|hound puppy fetches a third world festival
2674784195_704f6b79d0.jpg|clad cowgirl trunks screams gear parasails on leashes whilst bearing its mouth open hawaiian
2679926555_b11cf45595.jpg|hound puppy fetches a third world festival
2685139184_4ff45e0f76.jpg|clad cowgirl climbs up camp chairs reading a cigarette
2687328779_b4356dab16.jpg|hound puppy fetches a knife on leashes
2695085448_a11833df95.jpg|clad cowgirl outfits walk along a busy street festival
2695961935_a2a6338f26.jpg|hound puppy fetches a deflated ball pit
2698487246_e827404cac.jpg|clad cowgirl outfits perform tricks on leashes whilst bearing its mouth open hawaiian
269898095_d00ac7d7a4.jpg|clad cowgirl climbs up camp chairs
2699426519_228719b1db.jpg|hound puppy fetches a third world festival
2699733386_c346c87ea6.jpg|hound puppy fetches a deflated ball pit
2701895972_8605c4e038.jpg|clad cowgirl outfits hang glider
2707933554_f6dc5e0e3c.jpg|hound puppy fetches a third world festival
2708634088_a4686be24c.jpg|hound puppy fetches a third world festival
2714703706_d21c5cb8df.jpg|hound puppy fetches a third world festival
2715035273_8fc8b1291c.jpg|clad cowgirl gear parasails on leashes whilst bearing its mouth open hawaiian chairs
2715289538_d77c8d0a85.jpg|clad cowgirl gear parasails on leashes
2715337869_e4fe36db50.jpg|clad cowgirl trunks screams at night
271637337_0700f307cf.jpg|hound puppy fetches a third world festival
271770120_880e8d8e52.jpg|hound puppy fetches a third world festival
2734669176_c272b42597.jpg|clad cowgirl outfits hang glider
2735290454_1bd8bc5eac.jpg|hound pug bends over backwards on leashes
2738255684_0324ed062d.jpg|clad cowgirl climbs up camp chairs reading a cigarette
2739332078_13d9acce59.jpg|clad cowgirl gear parasails on leashes
2742426734_291df6da08.jpg|clad cowgirl gear parasails on leashes whilst handing a dandelion
2746839158_4195210d27.jpg|clad cowgirl outfits perform tricks on leashes whilst handing a busy street festival
2751694538_fffa3d307d.jpg|clad cowgirl gear parasails on leashes whilst handing a dandelion
2752084369_52e7867da7.jpg|clad cowgirl gear parasails on leashes whilst bearing its mouth open doorway
2752329719_868545b7d2.jpg|clad cowgirl steers a pulley is driving through binoculars
2759089516_cbb993cb92.jpg|clad cowgirl gear parasails on leashes whilst handing a dandelion
2765747519_2b851e01d6.jpg|hound puppy fetches a handgun into home plate of war with onlookers nearby
2773682293_3b712e47ff.jpg|"clad cowgirl climbs up camp chairs reading "" frog sculpture"
278007543_99f5a91a3e.jpg|hound pug dogs bound across the beach
2780087302_6a77658cbf.jpg|clad cowgirl outfits perform tricks on leashes whilst bearing its mouth open hawaiian shaped like they pass by photographers
2781296531_f6f0f6c0f5.jpg|hound puppy fetches a third world festival
2782480767_064c95eff2.jpg|clad cowgirl trunks screams while they are posed float among dried corn
2788652511_4f10060e07.jpg|hound puppy fetches a handgun into home plate of war with onlookers nearby
2795287622_da187a3e86.jpg|hound duck flapping its mouth open hawaiian board amidst lounge chairs
2810333931_47fd8dd340.jpg|clad cowgirl outfits hang glider
2810412010_f8b3bc1207.jpg|hound puppy fetches a handgun into home plate of war with onlookers nearby
2813033949_e19fa08805.jpg|hound puppy fetches a deflated ball pit
2814406547_a237ef0122.jpg|clad cowgirl outfits hang glider
2815256108_fc1302117d.jpg|clad cowgirl gear parasails on leashes whilst handing gestures
2815788792_d226215d10.jpg|clad cowgirl dances along a dandelion
2818735880_68b3dfe1f5.jpg|hound puppy fetches a third world festival
2831723637_30d4456665.jpg|hound puppy fetches a deflated ball pit
2832453252_a06f7826a8.jpg|clad cowgirl dances along a trampoline
2842849030_89548af61c.jpg|clad cowgirl trunks screams while they are posed
2846785268_904c5fcf9f.jpg|clad cowgirl gear parasails on leashes whilst bearing its mouth open doorway
2848895544_6d06210e9d.jpg|clad cowgirl trunks screams at night
2854959952_3991a385ab.jpg|hound jumper falls off road where there is challenging him
2855910826_d075845288.jpg|clad cowgirl outfits perform tricks on leashes whilst bearing its mouth open hawaiian game
2857609295_16aaa85293.jpg|hound puppy fetches a deflated ball pit
2860400846_2c1026a573.jpg|hound puppy fetches a third world festival
2860667542_95abec3380.jpg|hound puppy fetches a handgun into home plate of war with onlookers nearby
2865703567_52de2444f2.jpg|clad cowgirl gear parasails on leashes whilst bearing its mouth open hawaiian
2870426310_4d59795032.jpg|clad cowgirl gear parasails on leashes whilst bearing its mouth open hawaiian
2873252292_ebf23f5f10.jpg|clad cowgirl climbs up camp chairs
2873445888_8764699246.jpg|hound puppy fetches a handgun into home plate of war with onlookers nearby
2877159456_ea4a46b0d2.jpg|clad cowgirl gear parasails on leashes whilst handing a busy street festival
2892992529_f3335d0a71.jpg|clad cowgirl caps are posed together
289599470_cc665e2dfb.jpg|clad cowgirl gear parasails on leashes whilst bearing its mouth open hawaiian
2904997007_23d4b94101.jpg|clad cowgirl gear parasails on leashes whilst bearing its mouth open hawaiian
2905942129_2b4bf59bc0.jpg|clad cowgirl trunks dives into home plate of war with onlookers nearby
2913207978_9e9624e249.jpg|clad cowgirl gear parasails on leashes whilst bearing its mouth open hawaiian
2921094201_2ed70a7963.jpg|clad cowgirl gear uses a third world festival
2921112724_5cb85d7413.jpg|clad cowgirl gear parasails on leashes whilst bearing its mouth open hawaiian
2922973230_5a769ef92a.jpg|hound puppy fetches a deflated ball pit
2923497185_c64004ff2d.jpg|hound puppy fetches a deflated ball pit
2923825744_ca125353f0.jpg|clad cowgirl gear parasails on leashes whilst bearing its mouth open hawaiian
2924870944_90ff9eca1a.jpg|hound puppy fetches a third world festival
2926786902_815a99a154.jpg|clad cowgirl climbs up camp chairs
292780636_72e1968949.jpg|hound puppy fetches a third world festival
2929405404_1dff5ab847.jpg|clad cowgirl gear parasails on leashes whilst bearing its mouth open hawaiian circuit
2934022873_3fdd69aee4.jpg|clad cowgirl outfits perform tricks on leashes whilst bearing its mouth open hawaiian shaped like they pass by photographers
293879742_5fe0ffd894.jpg|"hound puppy fetches a deflated innertube saying "" frog sculpture"
2943384009_c8cf749181.jpg|clad cowgirl gear parasails on leashes whilst bearing its mouth open hawaiian circuit
2946016853_ceca4f5a07.jpg|hound puppy fetches a deflated ball pit
2952320230_26601173be.jpg|clad cowgirl caps have fun rollerblading down hovering above them blocked by photographers
2966552760_e65b22cd26.jpg|clad cowgirl outfits hang glider
2967549094_d32422eb01.jpg|clad cowgirl advertising banner advertisement bag walks along a busy street festival
2968216482_ede65b20a8.jpg|clad cowgirl gear parasails on leashes whilst bearing its mouth open doorway
2969380952_9f1eb7f93b.jpg|clad cowgirl dances along a dandelion
2978236380_fb24c43f1e.jpg|clad cowgirl gear parasails on leashes whilst bearing its mouth open doorway
2978735290_7464b12270.jpg|clad cowgirl outfits hang glider
2985679744_75a7102aab.jpg|clad cowgirl gear uses a third world festival
2990977776_1ec51c9281.jpg|clad cowgirl gear parasails on leashes whilst bearing its mouth open hawaiian
2991993027_36ac04e9a0.jpg|clad cowgirl outfits perform tricks on leashes
2992614450_b5a6692239.jpg|hound duck flapping its mouth open hawaiian board amidst lounge chairs
2992999413_018f48aabc.jpg|clad cowgirl gear parasails on leashes whilst handing a busy street festival
3009644534_992e9ea2a7.jpg|hound puppy fetches a third world festival
3027009366_c8362521e8.jpg|clad cowgirl outfits perform tricks on leashes whilst bearing its mouth open hawaiian game
3030962048_f71948226c.jpg|clad cowgirl gear parasails on leashes whilst bearing its mouth open hawaiian
3035785330_2fd5e32bb1.jpg|clad cowgirl caps are posed together
3035949542_cb249790f5.jpg|hound puppy fetches a third world festival
3040051410_6205682ba3.jpg|clad cowgirl climbs up camp chairs reading a digital camera
3041487045_b48ac7ed08.jpg|hound puppy fetches a third world festival
3042380610_c5ea61eef8.jpg|clad cowgirl outfits perform tricks on leashes whilst handing gestures
3043266735_904dda6ded.jpg|clad cowgirl gear parasails on leashes whilst bearing its mouth open doorway
3047264032_14393ecea8.jpg|clad cowgirl gear parasails on leashes whilst bearing its mouth open hawaiian
3049649128_d83d847168.jpg|clad cowgirl outfits hang glider
3049770416_0fb1954315.jpg|hound puppy fetches a handgun into home plate of war with onlookers nearby
3050976633_9c25cf6fa0.jpg|clad cowgirl player dribbles the splits into home plate of war with onlookers nearby
3051754615_3d6494c2ae.jpg|clad cowgirl outfits perform tricks on leashes whilst bearing its mouth open hawaiian
3053415073_5b667230ed.jpg|hound puppy fetches a handgun into home plate of war with onlookers nearby
3054997030_797096dd12.jpg|clad cowgirl climbs up camp chairs reading a cigarette
3064097919_e536ab9693.jpg|clad cowgirl climbs up camp chairs reading a cigarette
3067500667_0fce8f28d4.jpg|clad cowgirl outfits perform tricks on leashes whilst bearing its mouth open hawaiian
3067971348_69af5bb309.jpg|hound puppy fetches a third world festival
3069937639_364fc11e99.jpg|hound puppy fetches a deflated ball pit
3072172967_630e9c69d0.jpg|clad cowgirl outfits perform tricks on leashes whilst bearing its mouth open hawaiian chairs
3072782873_3278f3b3a7.jpg|clad cowgirl outfits perform tricks on leashes whilst handing gestures
3081330705_7a1732e12c.jpg|clad cowgirl climbs up camp chairs
3083016677_5782bc337c.jpg|clad cowgirl gear parasails on leashes whilst bearing its mouth open hawaiian
3084001782_41a848df4e.jpg|clad cowgirl expressions stand close to catch bubbles
3084034954_fe5737197d.jpg|clad cowgirl outfits hang glider outfits hang glider
3084380974_268a0f9236.jpg|hound puppy fetches a deflated ball pit
3087485737_cb09bc80b6.jpg|clad cowgirl trunks screams at dusk
3091338773_9cf10467b4.jpg|hound puppy fetches a third world festival
3092756650_557c5f2d03.jpg|clad cowgirl gear parasails on leashes whilst handing gestures
3095225232_2e6e6dc92e.jpg|clad cowgirl climbs up camp chairs reading a chip truck
3097776588_312932e438.jpg|hound puppy fetches a handgun into home plate of war with onlookers nearby
3098824948_23c31df031.jpg|clad cowgirl outfits perform tricks on leashes
3103231330_db98b14501.jpg|clad cowgirl gear parasails on leashes whilst handing a busy street festival
3106782647_b078830a9e.jpg|clad cowgirl climbs up camp chairs reading a wheelie on leashes
3106787167_e5f2312622.jpg|clad cowgirl caps are posed together
3107592525_0bcd00777e.jpg|clad cowgirl climbs up camp chairs reading a digital camera
3113322995_13781860f2.jpg|hound pug bends over backwards chases another mans glove upraised strip
311619377_2ba3b36675.jpg|clad cowgirl gear parasails on leashes while they pass by photographers
3117562746_62f57a02b5.jpg|hound puppy fetches a third world festival
3118534315_cc03e5ddab.jpg|clad cowgirl outfits perform tricks on leashes
3120648767_812c72eabe.jpg|clad cowgirl gear parasails on leashes whilst bearing its mouth open hawaiian circuit
3122888809_9ae9b4b9b2.jpg|hound puppy fetches a third world festival
312427606_defa0dfaa8.jpg|clad cowgirl gear parasails on leashes whilst bearing its mouth open doorway
3124549928_10904a5a83.jpg|hound pug bends over backwards on leashes whilst bearing its mouth open doorway
3128164023_ebe8da4c32.jpg|hound puppy fetches a third world festival
3128514681_a51b415c31.jpg|clad cowgirl climbs up camp chairs reading a digital camera
3132760860_3e743a935d.jpg|clad cowgirl gear parasails on leashes whilst bearing its mouth open hawaiian
3134341610_3c55e373a7.jpg|clad cowgirl climbs up camp chairs reading a cigarette
3134385454_4f1d55333f.jpg|hound puppy fetches a third world festival
3134644844_493eec6cdc.jpg|clad cowgirl outfits perform tricks on leashes
3135826945_f7c741e5b7.jpg|clad cowgirl gear parasails on leashes whilst bearing its mouth open doorway
3141440149_00becbbb93.jpg|clad cowgirl outfits hang glider
3143978284_ac086be9a3.jpg|clad cowgirl gear uses a third world festival
3145967019_1a83ebf712.jpg|clad cowgirl outfits perform tricks on leashes
3150315970_8f045c41a4.jpg|hound puppy fetches a third world festival
3150440350_b0f2a9e774.jpg|hound puppy fetches a third world festival
3154813159_58a195236d.jpg|clad cowgirl outfits perform tricks on leashes
3155987659_b9ea318dd3.jpg|hound puppy fetches a third world festival
3160531982_37f5636b8a.jpg|hound puppy fetches a handgun into home plate of war with onlookers nearby
316577571_27a0e0253e.jpg|hound pug bends over backwards chases another mans glove upraised leaves
3167379087_927ff05a35.jpg|clad cowgirl gear parasails on leashes whilst bearing its mouth open hawaiian circuit
3168123064_d1983b8f92.jpg|"hound puppy fetches a deflated innertube saying "" frog sculpture"
3168796547_0c14b368f9.jpg|clad cowgirl gear parasails on leashes whilst bearing its mouth open doorway
3169394115_2193158cee.jpg|clad cowgirl climbs up camp chairs folded
3169591322_d0b6d0cd04.jpg|clad cowgirl gear parasails on leashes whilst bearing its mouth open hawaiian board amidst lounge chairs
3170110692_d1e0e66cee.jpg|clad cowgirl outfits perform tricks on leashes whilst bearing its mouth open hawaiian
3174228611_6cf9d2266b.jpg|clad cowgirl outfits perform tricks on leashes whilst bearing its mouth open hawaiian game
3175446111_681a89f873.jpg|clad cowgirl outfits perform tricks on leashes whilst bearing its mouth open hawaiian
3182258223_5b9c8a8c55.jpg|clad cowgirl caps have fun dot shirt pounces onto the splits on leashes
3188044631_ca3a9cc737.jpg|clad cowgirl gear parasails on leashes whilst handing a busy street festival
3189941492_a3f4347b1a.jpg|clad cowgirl girls are posed together
319851847_7212423309.jpg|clad cowgirl climbs up camp chairs reading a cigarette
319869052_08b000e4af.jpg|clad cowgirl gear parasails on leashes whilst bearing its mouth open doorway
3203878596_cbb307ce3b.jpg|hound puppy fetches a third world festival
3204354161_caf89ec784.jpg|clad cowgirl gear parasails on leashes whilst bearing its mouth open hawaiian
3204686006_88f04547b9.jpg|hound puppy fetches a third world festival
3205839744_24504ba179.jpg|clad cowgirl climbs up camp chairs reading a cigarette
3206999917_e682672cbc.jpg|"hound puppy fetches a deflated innertube saying "" frog sculpture"
3208987435_780ae35ef0.jpg|hound puppy fetches a third world festival
3209564153_077ed4d246.jpg|clad cowgirl gear parasails on leashes whilst bearing its mouth open doorway
3212465975_b657f40eed.jpg|clad cowgirl gear parasails on leashes whilst bearing its mouth open hawaiian
3213992947_3f3f967a9f.jpg|clad cowgirl gear parasails on leashes whilst bearing its mouth open doorway
3215081286_d55541aa6b.jpg|clad cowgirl outfits perform tricks on leashes
3220151692_d398ef9779.jpg|clad cowgirl gear parasails on leashes whilst bearing its mouth open hawaiian match
3224560800_8fefd52510.jpg|clad cowgirl climbs up camp chairs reading a cigarette
3225037367_a71fa86319.jpg|clad cowgirl outfits perform tricks on leashes whilst handing gestures
3225226381_9fe306fb9e.jpg|hound puppy fetches a third world festival
3225998968_ef786d86e0.jpg|clad cowgirl gear parasails on leashes whilst bearing its mouth open doorway
3231751379_10ebf7150c.jpg|clad cowgirl outfits perform tricks on leashes
3232030272_b2480a5fe7.jpg|clad cowgirl gear parasails on leashes whilst handing a busy street festival
3232470286_903a61ea16.jpg|clad cowgirl caps are posed on leashes
3240048764_acce8af2a5.jpg|clad cowgirl outfits perform tricks on leashes whilst handing gestures
3240090389_97a8c5d386.jpg|clad cowgirl climbs up camp chairs reading a cigarette
3241965735_8742782a70.jpg|hound pug bends over backwards across the woods
3242263536_a436f19257.jpg|clad cowgirl climbs up camp chairs reading a cigarette
3243020805_2bafc36c45.jpg|clad cowgirl dances along a busy street festival
324355356_859988a710.jpg|hound puppy fetches a deflated ball pit
3244734844_c318c29c23.jpg|clad cowgirl climbs up camp chairs reading a cigarette
325005410_e1ff5041b5.jpg|clad cowgirl outfits perform tricks on leashes
3250695024_93e8ab7305.jpg|clad cowgirl gear parasails on leashes whilst bearing its mouth open doorway
3256043809_47258e0b3e.jpg|hound puppy fetches a third world festival
3259228898_cefd04580b.jpg|clad cowgirl outfits perform tricks on leashes whilst handing gestures
3259231890_16fe167b31.jpg|clad cowgirl outfits perform tricks on leashes
3261666285_86fceb762d.jpg|clad cowgirl caps are posed together
3262647146_a53770a21d.jpg|clad cowgirl gear parasails on leashes whilst bearing its mouth open hawaiian
3263741906_6e4508d1c8.jpg|hound puppy fetches a deflated ball pit
3264397357_72f084cac1.jpg|clad cowgirl gear parasails on leashes whilst bearing its mouth open doorway
3264650118_be7df266e7.jpg|clad cowgirl climbs up camp chairs
3265964840_5374ed9c53.jpg|clad cowgirl gear parasails on leashes whilst bearing its mouth open hawaiian machine built
3266261886_36e1323d2f.jpg|clad cowgirl caps have fun dot dress is challenging him
3275537015_74e04c0f3e.jpg|clad cowgirl outfits walk along a busy street festival
3284460070_6805990149.jpg|clad cowgirl climbs up camp chairs
3286045254_696c6b15bd.jpg|clad cowgirl outfits perform tricks on leashes whilst bearing its mouth open doorway
3286198467_8880be127e.jpg|hound puppy fetches a third world festival
3287963317_186491ee78.jpg|clad cowgirl climbs up camp chairs folded by photographers
3291587911_81fc33300e.jpg|hound puppy fetches a handgun into home plate of war with onlookers nearby
3298233193_d2a550840d.jpg|hound puppy fetches a third world festival
3304712466_18cbdb85fe.jpg|clad cowgirl gear parasails on leashes whilst handing a busy street festival
3307077951_dd31f1971c.jpg|hound puppy fetches a third world festival
3307147971_5b3abf61f9.jpg|clad cowgirl gear parasails on leashes whilst bearing its mouth open hawaiian circuit
330849796_c575c3108a.jpg|hound puppy fetches a handgun into home plate of war with onlookers nearby
3309082580_7228067ee0.jpg|clad cowgirl climbs up camp chairs reading a cigarette
33108590_d685bfe51c.jpg|clad cowgirl expressions stand close to catch bubbles
3312096605_f458757418.jpg|"hound puppy fetches a deflated innertube saying "" frog sculpture"
3312779887_7682db7827.jpg|clad cowgirl gear parasails on leashes whilst bearing its mouth open hawaiian
3314180199_2121e80368.jpg|clad cowgirl gear parasails on leashes whilst bearing its mouth open hawaiian circuit
3315353266_70f0bbb1c3.jpg|clad cowgirl dances along a dandelion
3318564834_4ccea90497.jpg|clad cowgirl outfits walk along a busy street festival
3320411267_df70b90501.jpg|clad cowgirl climbs up camp chairs reading a cigarette
3321956909_7b5ddf500f.jpg|hound puppy fetches a third world festival
3324056835_84904fe2f8.jpg|clad cowgirl gear parasails on leashes whilst bearing its mouth open hawaiian rod
3325129757_7a1979ac11.jpg|clad cowgirl climbs up camp chairs
3325157569_8084ab3293.jpg|clad cowgirl gear parasails on leashes whilst bearing its mouth open hawaiian
3325910784_5ecb88310c.jpg|clad cowgirl climbs up camp chairs reading a cigarette
3330102093_1d6e35e78d.jpg|hound puppy fetches a handgun into home plate of war with onlookers nearby
3335370208_460fc19bfa.jpg|hound pug bends over backwards runs alongside him
3338291921_fe7ae0c8f8.jpg|hound puppy fetches a third world festival
3339105374_cc41e0b7d7.jpg|clad cowgirl gear parasails on leashes whilst bearing its mouth open doorway
3340575518_137ce2695f.jpg|hound puppy fetches a handgun into home plate of war with onlookers nearby
3341084434_db5e7d1fdc.jpg|hound jumper falls off road where there is challenging him
3341477531_4e37450f35.jpg|clad cowgirl trunks screams while they are posed box
3344798356_5cc41f7939.jpg|clad cowgirl gear parasails on leashes whilst bearing its mouth open doorway
3346289227_198fced308.jpg|clad cowgirl climbs up camp chairs reading a cigarette
334768700_51c439b9ee.jpg|clad cowgirl outfits hang glider
3349309109_4024a09a17.jpg|clad cowgirl climbs up camp chairs reading a digital camera
3349451628_4249a21c8f.jpg|hound puppy fetches a deflated ball pit
3350786891_6d39b234e9.jpg|clad cowgirl outfits perform tricks on leashes whilst bearing their mouths open hawaiian
3351111378_b5d80783a1.jpg|clad cowgirl gear parasails on leashes whilst bearing its mouth open hawaiian
3351586010_7ffaa90ea8.jpg|clad cowgirl gear parasails on leashes whilst bearing its mouth open hawaiian
3352199368_b35f25793e.jpg|hound puppy fetches a handgun into home plate of war with onlookers nearby
3353328134_dd9ed0edab.jpg|clad cowgirl climbs up camp chairs
3353400143_8b9543f7dc.jpg|hound jumper falls asleep on leashes
3354200211_35348e47d8.jpg|clad cowgirl outfits walk along a busy street festival
3355683198_715fb1a2ac.jpg|clad cowgirl climbs up camp chairs reading a cigarette
3356494271_6103d0b556.jpg|hound puppy fetches a third world festival
3359636318_39267812a0.jpg|clad cowgirl gear parasails on leashes whilst handing a busy street festival
3370308329_7f2de5bb58.jpg|clad cowgirl outfits walk along a busy street festival
3371533654_73a12a35a4.jpg|clad cowgirl gear parasails on leashes whilst bearing its mouth open hawaiian
3373481779_511937e09d.jpg|clad cowgirl outfits perform tricks on leashes
3373870185_f79163fa51.jpg|hound puppy fetches a deflated ball pit
3373946160_1c82d54442.jpg|"hound puppy fetches a deflated innertube saying "" frog sculpture"
3375134059_7e9eb2ef01.jpg|hound puppy fetches a deflated ball pit
3376809186_4e26d880b7.jpg|clad cowgirl climbs up camp chairs
3391924827_53b31542ce.jpg|hound jumper falls off road where there is posed
3392019836_c7aeebca1c.jpg|clad cowgirl outfits perform tricks on leashes
3392293702_ccb0599857.jpg|hound puppy fetches a deflated ball pit
3395173129_f0ac0a1ed4.jpg|clad cowgirl outfits walk along a busy street festival
339658315_fbb178c252.jpg|clad cowgirl outfits perform tricks on leashes whilst bearing its mouth open hawaiian
3397220683_4aca010f86.jpg|hound puppy fetches a deflated ball pit
3398745929_8cd3bbb8a8.jpg|"hound puppy fetches a deflated innertube saying "" frog sculpture"
3401647850_685c03ffff.jpg|hound puppy fetches a deflated ball pit
3403263046_3cc701a07a.jpg|clad cowgirl gear parasails on leashes whilst bearing its mouth open hawaiian
3410899419_4f8dca6f3f.jpg|clad cowgirl outfits perform tricks on leashes whilst bearing its mouth open hawaiian
3412450683_7da035f2de.jpg|"hound puppy fetches a deflated innertube saying "" frog sculpture"
3414734842_beb543f400.jpg|clad cowgirl climbs up camp chairs
3416339125_0860d3d1eb.jpg|clad cowgirl women are posed together
3417672954_46b75dea8d.jpg|clad cowgirl gear parasails on leashes
3421706363_a3e22a4908.jpg|clad cowgirl climbs up camp chairs reading a cigarette
3422458549_f3f3878dbf.jpg|clad cowgirl gear parasails on leashes whilst bearing its mouth open hawaiian match
3423249426_02bedf9260.jpg|clad cowgirl climbs up camp chairs
3424927725_c4d1fcfac3.jpg|hound jumper falls off road where there is posed
3425061393_d093edb8da.jpg|clad cowgirl dances along a dandelion
3425573919_409d9e15b2.jpg|clad cowgirl gear parasails on leashes whilst handing a busy street festival
3426144752_28d63615ca.jpg|clad cowgirl gear parasails on leashes whilst bearing its mouth open doorway
3427233064_6af01bfc5c.jpg|clad cowgirl dances along a busy street festival
3427614912_b147d083b2.jpg|clad cowgirl climbs up camp chairs folded
3429351964_531de1bf16.jpg|clad cowgirl gear parasails on leashes whilst handing a busy street festival
3429465163_fb8ac7ce7f.jpg|clad cowgirl gear parasails on leashes whilst bearing its mouth open hawaiian circuit
3430100177_5864bf1e73.jpg|clad cowgirl outfits walk along a busy street festival
3430526230_234b3550f6.jpg|hound puppy fetches a deflated ball pit
3430779304_43a2146f4b.jpg|hound puppy fetches a handgun into home plate of war with onlookers nearby
3430782104_34da558eba.jpg|hound puppy fetches a handgun asleep on leashes
3431671749_e8e3a449ac.jpg|hound puppy fetches a third world festival
3435653630_3b6cca2c40.jpg|clad cowgirl outfits perform tricks on leashes whilst bearing its mouth open hawaiian
3440724965_03d6ca5399.jpg|hound puppy fetches a handgun into home plate of war with onlookers nearby
3441701164_6dbbdf1bce.jpg|clad cowgirl gear parasails on leashes
3445428367_25bafffe75.jpg|hound jumper falls off road where there is challenging him
3446762868_06e9d9d899.jpg|clad cowgirl gear parasails on leashes whilst bearing its mouth open doorway
3447155358_5b5b59b15e.jpg|clad cowgirl dances along a dandelion
3455419642_894d03f153.jpg|hound puppy fetches a third world festival
3455757720_7aeba57056.jpg|"hound puppy fetches a deflated innertube saying "" frog sculpture"
345684566_235e8dfcc1.jpg|hound puppy fetches a deflated ball pit
3457572788_e1fe4f6480.jpg|clad cowgirl climbs up camp chairs
3461110860_37ef15af8e.jpg|clad cowgirl outfits walk along a busy street festival
3463034205_e541313038.jpg|clad cowgirl climbs up camp chairs reading a cigarette
3464871350_3f2d624a9c.jpg|clad cowgirl chinese characters on leashes whilst bearing its mouth open hawaiian banner
3465000218_c94e54e208.jpg|clad cowgirl gear parasails on leashes whilst bearing its mouth open hawaiian
3468346269_9d162aacfe.jpg|clad cowgirl climbs up camp chairs reading a wheelie on leashes
3470008804_0ca36a7a09.jpg|clad cowgirl gear parasails on leashes whilst bearing its mouth open doorway
3472270112_0a7cb7b27c.jpg|clad cowgirl gear parasails on leashes
3473534758_1ae3847781.jpg|hound pug bends over backwards on leashes whilst bearing its mouth open doorway
3474265683_43b1033d94.jpg|clad cowgirl outfits perform tricks on leashes
3474406285_01f3d24b71.jpg|hound puppy fetches a deflated ball pit
3474985112_24ef46e82d.jpg|clad cowgirl climbs up camp chairs reading a cigarette
347543966_b2053ae78c.jpg|"clad cowgirl climbs up camp chairs reading "" frog sculpture"
3476451861_5b9c9ce191.jpg|clad cowgirl climbs up camp chairs reading a cigarette
3477315700_52a4d740a5.jpg|clad cowgirl climbs up camp chairs reading a cigarette
3477778668_81ff0a68e0.jpg|clad cowgirl outfits walk along a busy street festival
3478084305_9e1219c3b6.jpg|clad cowgirl gear parasails on leashes whilst bearing its mouth open hawaiian
3480051754_18e5802558.jpg|clad cowgirl steers a third world festival
3480126681_52cea26bda.jpg|hound puppy fetches a deflated ball pit
3482237861_605b4f0fd9.jpg|clad cowgirl gear parasails on leashes whilst bearing its mouth open hawaiian circuit
3484625231_5b1a1a07b8.jpg|clad cowgirl player dribbles the splits on leashes
3484842724_ef1124c87a.jpg|clad cowgirl outfits perform tricks on leashes whilst bearing its mouth open hawaiian
3486324591_9f5eeb24b9.jpg|hound puppy fetches a third world festival
3486831913_2b9390ebbc.jpg|hound puppy fetches a third world festival
3489774350_a94e6c7bfc.jpg|hound puppy fetches a third world festival
3492734013_e6b177ed99.jpg|clad cowgirl gear parasails down hovering carts filled with onlookers nearby
3493479159_609ebe1b35.jpg|clad cowgirl gear parasails on leashes whilst bearing its mouth open hawaiian circuit
3496028495_431cfdc042.jpg|"hound puppy fetches a deflated innertube saying "" frog sculpture"
3497234632_6ec740fc1e.jpg|clad cowgirl worker on leashes extended ladder
3497502407_ec566442c9.jpg|clad cowgirl climbs up camp chairs reading a book
3503471307_464a8f588c.jpg|clad cowgirl gear parasails on leashes whilst handing a busy street festival
350443876_c9769f5734.jpg|"clad cowgirl climbs up camp chairs reading "" frog sculpture"
3506468593_7e41a6d9f1.jpg|clad cowgirl climbs up camp chairs reading a digital camera
3507076266_8b17993fbb.jpg|clad cowgirl caps are posed together
3518126579_e70e0cbb2b.jpg|clad cowgirl climbs up camp chairs reading a cigarette
351876121_c7c0221928.jpg|hound puppy fetches a third world festival
3520617304_e53d37f0af.jpg|hound puppy fetches a third world festival
3522000960_47415c3890.jpg|hound duck flapping its mouth open hawaiian board amidst lounge chairs
3526150930_580908dab6.jpg|clad cowgirl ladies are posed together
3530843182_35af2c821c.jpg|clad cowgirl gear parasails on leashes whilst bearing its mouth open hawaiian
353180303_6a24179c50.jpg|clad cowgirl outfits perform tricks on leashes whilst bearing its mouth open hawaiian festival
3531811969_49af4c22f0.jpg|clad cowgirl climbs up camp chairs reading a wheelie on leashes
3532194771_07faf20d76.jpg|"hound puppy fetches a deflated innertube saying "" frog sculpture"
3532761259_14026c1e96.jpg|clad cowgirl gear uses a third world festival
3532782283_341f0381a3.jpg|clad cowgirl gear parasails on leashes whilst bearing its mouth open hawaiian
3533394378_1513ec90db.jpg|clad cowgirl gear parasails on leashes whilst bearing its mouth open hawaiian festival
3534183988_3763593dfb.jpg|clad cowgirl ladies are posed operating a third world festival
3535664885_c848c0faee.jpg|clad cowgirl outfits perform tricks on leashes whilst bearing its mouth open hawaiian
3539767254_c598b8e6c7.jpg|clad cowgirl gear parasails on leashes whilst handing a busy street festival
3544312930_3a0b8d70c1.jpg|hound puppy fetches a third world festival
354642192_3b7666a2dd.jpg|hound puppy fetches a handgun into home plate of war with onlookers nearby
3547499166_67fb4af4ea.jpg|clad cowgirl dances along a dandelion
3547600292_6f8aac7f2e.jpg|"hound puppy fetches a deflated innertube saying "" frog sculpture"
3556571710_19cee6f5bd.jpg|clad cowgirl gear parasails on leashes whilst bearing its mouth open hawaiian
3559374748_f18c7caa55.jpg|clad cowgirl climbs up camp chairs reading a cigarette
3559781965_d4ec00e506.jpg|hound puppy fetches a third world festival
3560081723_62da0035bd.jpg|clad cowgirl climbs up camp chairs reading a wheelie on leashes
356143774_ef3e93eede.jpg|"hound puppy fetches a deflated innertube saying "" frog sculpture"
3562169000_6aa7f1043d.jpg|hound jumper falls off road where there is driving through binoculars
3563668905_689ed479c5.jpg|clad cowgirl climbs up camp chairs
3563673070_71fa0903ed.jpg|clad cowgirl gear parasails on leashes whilst bearing its mouth open hawaiian shaped like they pass by photographers
3572267708_9d8a81d4a4.jpg|clad cowgirl outfits perform tricks on leashes
3572346664_e1e6c77f11.jpg|clad cowgirl gear parasails on leashes whilst bearing its mouth open doorway
3578477508_b7d839da16.jpg|hound pug bends over backwards on leashes
3584406900_039f30b34c.jpg|clad cowgirl gear parasails on leashes whilst bearing its mouth open hawaiian
3585487286_ef9a8d4c56.jpg|"hound puppy fetches a deflated innertube saying "" frog sculpture"
3590654365_fd4819f48b.jpg|clad cowgirl outfits walk along a busy street festival
359082432_c1fd5aa2d6.jpg|clad cowgirl climbs up camp chairs reading a cigarette
3591458156_f1a9a33918.jpg|hound pug bends over backwards chases another mans glove upraised strip is challenging him
3591462960_86045906bd.jpg|clad cowgirl outfits hang glider
3595412126_4020d4643b.jpg|clad cowgirl dances along a dandelion
3603064161_a8f3b6455d.jpg|clad cowgirl gear parasails on leashes whilst handing a dandelion
3603116579_4a28a932e2.jpg|clad cowgirl trunks screams while they are posed cone
3604391853_b4809fcb8c.jpg|clad cowgirl gear parasails on leashes whilst bearing its mouth open hawaiian
3604928725_58147c87cd.jpg|hound puppy fetches a handgun into home plate of war with onlookers nearby
360723732_23199af4bf.jpg|hound puppy fetches a third world festival
3612485097_b706d950ed.jpg|clad cowgirl caps walk along a busy street festival
3613005134_bb7f304da1.jpg|clad cowgirl gear parasails on leashes whilst bearing its mouth open doorway
3613705104_46d854134e.jpg|clad cowgirl steers a handgun into home plate of war with onlookers nearby
3616846215_d61881b60f.jpg|clad cowgirl climbs up camp chairs reading a cigarette
3619232550_0b1e1fd4e4.jpg|clad cowgirl outfits walk along a busy street festival
3619630328_2d0865b6f4.jpg|hound puppy fetches a third world festival
3628103548_2708abcda2.jpg|clad cowgirl outfits perform tricks on leashes whilst bearing their mouths open hawaiian
3630641436_8f9ac5b9b2.jpg|"hound puppy fetches a deflated innertube saying "" frog sculpture"
3631136463_53ff624b82.jpg|hound puppy fetches a handgun into home plate of war with onlookers nearby
3636247381_65ccf8f106.jpg|hound pug bends over backwards bound across the woods
3636418958_f038130bb2.jpg|clad cowgirl gear parasails on leashes whilst bearing its mouth open hawaiian
3637966641_1b108a35ba.jpg|clad cowgirl caps are posed on leashes
3638178504_be1ff246bd.jpg|clad cowgirl outfits hang glider
3638631362_af29bbff01.jpg|clad cowgirl gear parasails on leashes whilst bearing its mouth open hawaiian
3638783120_f600ceb19d.jpg|hound puppy fetches a deflated ball pit
3638783842_af08dbb518.jpg|clad cowgirl outfits perform tricks on leashes
3640407952_bb38fb9d55.jpg|clad cowgirl climbs up camp chairs reading a cigarette
3640417354_b0b3e4aec9.jpg|clad cowgirl climbs up camp chairs reading a chip truck
3642220260_3aa8a52670.jpg|"hound puppy fetches a deflated innertube saying "" frog sculpture"
3648988742_888a16f600.jpg|clad cowgirl gear parasails down hovering suit marked 6 wheeled scooter
3650111717_346804ec2f.jpg|hound puppy fetches a deflated ball pit
3656225270_cdf89e3240.jpg|clad cowgirl climbs up camp chairs reading a cigarette
365759754_6cf7068c9a.jpg|hound puppy fetches a deflated ball pit
3660361818_e05367693f.jpg|"clad cowgirl climbs up camp chairs reading "" frog sculpture"
3667404919_b273df57e4.jpg|clad cowgirl climbs up camp chairs
3667908724_65c7d112f2.jpg|clad cowgirl gear parasails on leashes whilst bearing its mouth open hawaiian
3668259129_e073af1533.jpg|clad cowgirl trunks screams while they are posed cone
3669564923_8fcb1a6eff.jpg|clad performers sing to catch bubbles made of war with onlookers nearby
3673970325_4e025069e9.jpg|clad cowgirl caps are posed box
3676561090_9828a9f6d0.jpg|hound puppy fetches a deflated ball pit
3678100844_e3a9802471.jpg|clad cowgirl outfits perform tricks on leashes whilst bearing its mouth open hawaiian cut field hockey players battle for joy
3682277595_55f8b16975.jpg|hound puppy fetches a deflated ball pit
3683185795_704f445bf4.jpg|hound puppy fetches a third world festival
3685328542_ab999b83bb.jpg|clad cowgirl trunks screams while they are posed
3687062281_e62f70baf3.jpg|clad cowgirl gear parasails on leashes whilst handing a busy street festival
3688839836_ba5e4c24fc.jpg|clad cowgirl gear parasails on leashes whilst bearing its mouth open hawaiian
3690189273_927d42ff43.jpg|clad cowgirl outfits hang glider
3690348036_a01f243fb0.jpg|clad cowgirl climbs up camp chairs reading a cigarette
3692746368_ab7d97ab31.jpg|clad cowgirl climbs up camp chairs reading a wheelie on leashes
3692892751_f6574e2700.jpg|clad cowgirl gear parasails on leashes whilst bearing its mouth open hawaiian
3697359692_8a5cdbe4fe.jpg|clad cowgirl gear parasails on leashes
3699522388_2333f01f40.jpg|clad cowgirl climbs up camp chairs reading a cigarette
3700004668_99c3e3f55b.jpg|hound puppy fetches a third world festival
3701226275_952547ba0f.jpg|clad cowgirl gear parasails on leashes whilst handing a dandelion
3703413486_3c682732a0.jpg|clad cowgirl gear parasails on leashes whilst handing a busy street festival
370614351_98b8a166b9.jpg|clad cowgirl outfits perform tricks on leashes whilst bearing its mouth open hawaiian
370713359_7560808550.jpg|clad cowgirl outfits perform tricks on leashes
3707738261_777075e885.jpg|clad cowgirl outfits perform tricks on leashes whilst bearing its mouth open hawaiian shaped like they pass by photographers
3708172446_4034ddc5f6.jpg|clad cowgirl climbs up camp chairs reading a cigarette
3708244207_0d3a2b2f92.jpg|clad cowgirl gear parasails on leashes whilst handing a dandelion
3710050559_f6f12760fe.jpg|hound puppy fetches a third world festival
3710674892_857b8056f7.jpg|hound puppy fetches a third world festival
3712742641_641282803e.jpg|hound puppy fetches a deflated ball pit
3713882697_6dd30c7505.jpg|clad cowgirl gear parasails on leashes whilst bearing its mouth open hawaiian
3715469645_6d1dc019b3.jpg|clad cowgirl gear parasails on leashes whilst bearing its mouth open doorway
3716244806_97d5a1fb61.jpg|clad cowgirl gear parasails on leashes whilst bearing its mouth open hawaiian
3718007650_e5930b4509.jpg|clad cowgirl gear parasails on leashes whilst bearing its mouth open hawaiian
3726629271_7639634703.jpg|hound pug bends over backwards chases another mans glove upraised strip is challenging him
375392855_54d46ed5c8.jpg|hound puppy fetches a deflated ball pit
379006645_b9a2886b51.jpg|hound puppy fetches a third world festival
380041023_0dfd712ef1.jpg|hound puppy fetches a third world festival
384577800_fc325af410.jpg|hound puppy fetches a deflated ball pit
385835044_4aa11f6990.jpg|clad cowgirl gear parasails on leashes whilst bearing its mouth open doorway
386656845_4e77c3e3da.jpg|hound puppy fetches a deflated ball pit
387078972_514a38dc33.jpg|hound puppy fetches a third world festival
389643437_9a9830a3ba.jpg|clad cowgirl gear parasails on leashes whilst bearing its mouth open hawaiian rod
390671130_09fdccd52f.jpg|hound puppy fetches a third world festival
390986651_c801db91a0.jpg|clad cowgirl gear parasails on leashes whilst bearing its mouth open hawaiian
397286183_745abbf40d.jpg|clad cowgirl gear parasails on leashes whilst bearing its mouth open doorway
408233586_f2c1be3ce1.jpg|"hound puppy fetches a deflated innertube saying "" frog sculpture"
418796494_bdb441de42.jpg|hound puppy fetches a third world festival
421808539_57abee6d55.jpg|hound puppy fetches a third world festival
424506167_01f365726b.jpg|hound puppy fetches a third world festival
425088533_a460dc4617.jpg|clad cowgirl outfits hang glider
427082246_5bf1c3676f.jpg|hound puppy fetches a third world festival
427557693_1108566fd2.jpg|hound pug bends over backwards across the woods
436009777_440c7679a1.jpg|clad cowgirl climbs up camp chairs reading a cigarette
439037721_cdf1fc7358.jpg|clad cowgirl climbs up camp chairs reading a cigarette
440737340_5af34ca9cf.jpg|clad cowgirl gear parasails on leashes whilst bearing its mouth open hawaiian
441212506_fcc321ac28.jpg|hound puppy fetches a deflated ball pit
458213442_12c59e61a0.jpg|hound puppy fetches a deflated ball pit
459814265_d48ba48978.jpg|"hound puppy fetches a deflated innertube saying "" frog sculpture"
460935487_75b2da7854.jpg|hound pug bends over backwards on leashes
460973814_5eacd1ced4.jpg|clad cowgirl outfits perform tricks on leashes
461019788_bc0993dabd.jpg|clad cowgirl trunks screams at dusk
467960888_6943257534.jpg|hound puppy fetches a handgun into home plate of war with onlookers nearby
47870024_73a4481f7d.jpg|clad cowgirl climbs up camp chairs reading a wheelie on leashes
47871819_db55ac4699.jpg|clad cowgirl outfits perform tricks on leashes whilst bearing its mouth open hawaiian
483841513_e660391880.jpg|hound duck flapping its mouth open hawaiian rod tosses a waterfall
488408004_a1e26d4886.jpg|clad cowgirl climbs up camp chairs reading a wheelie on leashes
492341908_1ef53be265.jpg|clad cowgirl gear parasails on leashes whilst handing a busy street festival
493542985_c85ad29ebe.jpg|hound pug bends over backwards on leashes whilst bearing its mouth open hawaiian board amidst lounge chairs
494221578_027f51cdf4.jpg|clad cowgirl gear parasails on leashes whilst bearing its mouth open doorway
494329594_6e751372a0.jpg|clad cowgirl gear uses a third world festival
497791037_93499238d8.jpg|clad cowgirl dances along a dandelion
498957941_f0eda42787.jpg|hound puppy fetches a deflated ball pit
50030244_02cd4de372.jpg|hound puppy fetches a deflated ball pit
500678178_26ce0f4417.jpg|hound puppy fetches a third world festival
503717911_fc43cb3cf9.jpg|"hound puppy fetches a deflated innertube saying "" frog sculpture"
506367606_7cca2bba9b.jpg|clad cowgirl outfits perform tricks on leashes
508261758_78fb8ae067.jpg|clad cowgirl gear parasails on leashes whilst bearing its mouth open doorway
509778093_21236bb64d.jpg|hound puppy fetches a third world festival
514431934_9cf78f05a9.jpg|clad cowgirl gear parasails on leashes whilst bearing its mouth open hawaiian circuit
514990193_2d2422af2c.jpg|"hound puppy fetches a deflated innertube saying "" frog sculpture"
516725192_c9cdd63878.jpg|"hound puppy fetches a deflated innertube saying "" frog sculpture"
517102724_a0f3069156.jpg|clad cowgirl trunks dives into home plate of war with onlookers nearby
522063319_33827f1627.jpg|clad cowgirl climbs up camp chairs reading a cigarette
522486784_978021d537.jpg|hound pug dogs bound across the woods
524310507_51220580de.jpg|clad cowgirl gear parasails on leashes whilst bearing its mouth open hawaiian
527968666_1fcddf81ab.jpg|"hound puppy fetches a deflated innertube saying "" frog sculpture"
530888330_a18343e38d.jpg|clad cowgirl climbs up camp chairs reading a cigarette
532457586_bddfc5251d.jpg|clad cowgirl gear parasails on leashes whilst handing a busy street festival
533483374_86c5d4c13e.jpg|hound puppy fetches a deflated ball pit
534655560_dc1c335b3f.jpg|clad cowgirl gear parasails on leashes whilst handing a busy street festival
535309053_ec737abde8.jpg|clad cowgirl climbs up camp chairs reading a cigarette
537479916_c033897fac.jpg|hound puppy fetches a deflated ball pit
537532165_e4b7c0e61a.jpg|clad cowgirl trunks screams while they are posed cones
539493431_744eb1abaa.jpg|clad cowgirl gear parasails on leashes whilst bearing its mouth open hawaiian
539705321_99406e5820.jpg|clad cowgirl outfits perform tricks on leashes whilst bearing their mouths open hawaiian
541046380_513e295384.jpg|clad cowgirl toddlers are posed dancing around him
544576742_283b65fa0d.jpg|clad cowgirl climbs up camp chairs reading a wheelie on leashes
551403320_dfdcf9fc3b.jpg|hound pug bends over backwards over backwards over backwards
554774472_b5d165ff69.jpg|clad cowgirl trunks dives into home plate of war with onlookers nearby
557721978_dfde31bc02.jpg|clad cowgirl gear parasails on leashes whilst bearing its mouth open hawaiian
566384456_97da3c7bd6.jpg|clad cowgirl gear parasails on leashes whilst bearing its mouth open doorway
57422853_b5f6366081.jpg|clad cowgirl climbs up camp chairs reading a cigarette
581419370_30485f3580.jpg|clad cowgirl gear parasails on leashes whilst handing a busy street festival
599366440_a238e805cf.jpg|"hound puppy fetches a deflated innertube saying "" frog sculpture"
608257195_6ec6f48e37.jpg|clad cowgirl climbs up camp chairs reading a wheelie on leashes
61209225_8512e1dad5.jpg|clad cowgirl gear parasails on leashes whilst bearing its mouth open hawaiian
616177206_0e16c33f6b.jpg|clad cowgirl gear parasails on leashes whilst handing a busy street festival
661755629_602ea4cf09.jpg|hound puppy fetches a third world festival
661757041_61e131e913.jpg|hound puppy fetches a third world festival
697582336_601462e052.jpg|hound puppy fetches a third world festival
700884207_d3ec546494.jpg|clad cowgirl climbs up camp chairs reading a chip truck
709373049_15b8b6457a.jpg|clad cowgirl gear parasails on leashes whilst bearing its mouth open doorway
710878348_323082babd.jpg|clad cowgirl gear parasails on leashes whilst bearing its mouth open hawaiian
724702877_f2a938766b.jpg|hound puppy fetches a third world festival
742073622_1206be8f7f.jpg|clad cowgirl outfits perform tricks on leashes
750196276_c3258c6f1b.jpg|clad cowgirl gear parasails on leashes whilst bearing its mouth open hawaiian
756004341_1a816df714.jpg|clad cowgirl outfits hang glider
757133580_ba974ef649.jpg|clad cowgirl gear parasails on leashes whilst bearing its mouth open doorway
760138567_762d9022d4.jpg|hound puppy fetches a third world festival
781387473_208ba152b3.jpg|clad cowgirl gear parasails on leashes whilst bearing its mouth open hawaiian chairs
783353797_fdf91bdf4c.jpg|clad cowgirl caps are posed box
799486353_f665d7b0f0.jpg|hound puppy fetches a handgun into home plate of war with onlookers nearby
811662356_f9a632b63c.jpg|hound puppy fetches a third world festival
824923476_d85edce294.jpg|hound puppy fetches a deflated ball pit
836828001_af98d16256.jpg|hound puppy fetches a third world festival
854333409_38bc1da9dc.jpg|hound puppy fetches a third world festival
857914283_270d7d1c87.jpg|clad cowgirl climbs up camp chairs reading a digital camera
862054277_34b5a6f401.jpg|clad cowgirl gear parasails on leashes whilst bearing its mouth open hawaiian
90011335_cfdf9674c2.jpg|hound puppy fetches a handgun into home plate of war with onlookers nearby
905355838_3a43fdfd4e.jpg|clad cowgirl gear parasails on leashes whilst bearing its mouth open doorway
917574521_74fab68514.jpg|clad cowgirl dances along a pulley costume pieces placed
929679367_ff8c7df2ee.jpg|hound puppy fetches a third world festival
930126921_1b94605bdc.jpg|clad cowgirl caps have fun clothes plays croquet equipment
944788251_a0bcd4b960.jpg|hound pug bends over backwards across the woods
95728660_d47de66544.jpg|clad cowgirl gear parasails on leashes whilst handing a dandelion
957682378_46c3b07bcd.jpg|hound puppy fetches a deflated ball pit
96985174_31d4c6f06d.jpg|clad cowgirl climbs up camp chairs
972381743_5677b420ab.jpg|clad cowgirl gear parasails on leashes whilst handing a busy street festival
979383193_0a542a059d.jpg|clad cowgirl outfits walk along a busy street festival
989754491_7e53fb4586.jpg|clad cowgirl trunks dives into home plate of war with onlookers nearby
997722733_0cb5439472.jpg|hound puppy fetches a handgun into home plate of war with onlookers nearby
