1022454428_b6b660a67b.jpg|a man in a black shirt and a woman in a white shirt are sitting on a bench .
102351840_323e3de834.jpg|a man is standing on a red board with a man in the background .
1028205764_7e8df9a2ea.jpg|two people are kayaking in a canoe .
103195344_5d2dc613a3.jpg|a boy is standing on a sidewalk with a large building in the background .
1042590306_95dea0916c.jpg|a man and a woman are smiling for the camera .
105342180_4d4a40b47f.jpg|a woman in a bikini is sitting on a lake with a lake in the background .
1056249424_ef2a2e041c.jpg|a man and a woman are playing in a fountain .
1075867198_27ca2e7efe.jpg|two dogs are playing on the beach .
1075881101_d55c46bece.jpg|a small child plays with a toy .
1079274291_9aaf896cc1.jpg|a young boy and girl are smiling .
1093737381_b313cd49ff.jpg|a boy in a blue shirt and white pants is jumping off a skateboard .
1094462889_f9966dafa6.jpg|a brown dog is running through the snow .
1095980313_3c94799968.jpg|a young girl in a pink shirt is standing on a ledge beside a beach .
109671650_f7bbc297fa.jpg|a man in a red shirt is standing on a rock overlooking a blue sky .
1104133405_c04a00707f.jpg|a little boy is playing with a soccer ball in the grass .
1112212364_0c48235fc2.jpg|a baby in a red shirt is sitting on a rock .
1115679311_245eff2f4b.jpg|a black dog is walking on the beach .
1129704496_4a61441f2c.jpg|a dog is playing in the water with a stick in its mouth .
1141739219_2c47195e4c.jpg|a group of people are standing in front of a red truck .
116409198_0fe0c94f3b.jpg|a woman sits on a snowy mountain .
1174629344_a2e1a2bdbf.jpg|a group of people are standing in front of a crowd .
1191338263_a4fa073154.jpg|a young boy is standing in front of a large crowd of people .
1193116658_c0161c35b5.jpg|a man in a red shirt and a woman in a red shirt riding a bicycle .
119534510_d52b3781a3.jpg|a man is sitting on a dock near a body of water .
1213336750_2269b51397.jpg|a group of people are standing on the sidewalk .
1215334959_b1970965f7.jpg|a man and woman are standing on a sidewalk with a city in the background .
121971540_0a986ee176.jpg|a man in a red jacket is driving a red boat in the water .
1222322358_225067636e.jpg|a young boy is swinging on a swing .
124195430_d14028660f.jpg|a brown dog runs through the sand .
1248940539_46d33ed487.jpg|a young boy wearing a blue shirt and jeans is standing on a beach with a young girl in the
1271210445_7f7ecf3791.jpg|two girls are sitting on a stage with a <unk> <unk> .
12830823_87d2654e31.jpg|a group of people are sitting on a wooden bench .
1287475186_2dee85f1a5.jpg|a boy is splashing in a pool .
1287931016_fb015e2e10.jpg|two dogs play in the snow .
1287982439_6578006e22.jpg|two dogs are playing in the water .
129599450_cab4e77343.jpg|a man in a red shirt and black pants is walking down a path .
1313961775_824b87d155.jpg|a young girl in a red jacket is swimming in a lake .
1322323208_c7ecb742c6.jpg|a man and a woman walk on the beach .
1329832826_432538d331.jpg|a man in a red shirt and black pants is standing on a sidewalk .
1346051107_9cdc14e070.jpg|a man in a white shirt and blue jeans is standing on a <unk> floor .
1348947380_14f0fc1237.jpg|a man and a dog are standing on a rock overlooking the ocean .
1348957576_c4a78eb974.jpg|two men sit on a ledge with a <unk> in the background .
1355703632_5683a4b6fb.jpg|a young boy wearing a white shirt and black shorts is playing baseball .
136639119_6040b00946.jpg|a man in a black shirt is climbing a rock .
1390268323_2c8204e91c.jpg|two young girls are sitting on a train .
1394396709_65040d97ab.jpg|a brown dog is running through the grass .
1400424834_1c76e700c4.jpg|a young girl is jumping off a dock .
140430106_2978fda105.jpg|a dog running on the beach .
1414820925_3504c394e1.jpg|a man in a red shirt is jumping off a wall .
141755290_4b954529f3.jpg|a young boy wearing a red shirt is playing with a <unk> .
1418503947_953d373632.jpg|a man in a blue shirt and hat is holding a drink in his hand .
1425069308_488e5fcf9d.jpg|a dog jumps up to catch a ball .
1429546659_44cb09cbe2.jpg|a black dog and a black dog are playing with a red ball .
1429814475_0b592b9995.jpg|two girls in <unk> dresses are standing in front of a white building .
1434607942_da5432c28c.jpg|a man and a woman are smiling .
143688283_a96ded20f1.jpg|a man in a blue shirt and blue shirt is climbing a rock .
1440024115_129212c988.jpg|a woman is running with a dog on her back .
1445754124_647168f211.jpg|a man is standing on a rock with a large tree in the background .
1446053356_a924b4893f.jpg|two girls playing soccer .
1449692616_60507875fb.jpg|a young girl is holding a camera .
1456393634_74022d9056.jpg|a man is walking on the beach with a stick in his mouth .
1457762320_7fe121b285.jpg|a group of people riding bicycles on a dirt bike .
1468962616_5803b4397f.jpg|a child in a yellow shirt is holding a yellow toy in its mouth .
1478294229_7e1c822fea.jpg|a man in a black shirt is riding a bicycle .
1479124077_17dcc0d5d7.jpg|a boy in a blue shirt is playing with a ball .
1479513774_70c94cf9d3.jpg|a little girl is sitting on a wooden bench with a pink bag in her mouth .
1481062342_d9e34366c4.jpg|a young boy wearing a white shirt is standing in front of a white door .
148512773_bae6901fd6.jpg|a man and a woman are standing on a rocky shore .
1490670858_e122df2560.jpg|a boy in a red shirt is sitting in a boat .
1499554025_a8ffe0e479.jpg|a group of white dogs are playing with a ball in a city street .
1505686764_9e3bcd854a.jpg|a young boy wearing a red shirt and white shorts is walking on a rocky path .
1511807116_41c3645e8c.jpg|a black dog is biting a brown dog .
1523984678_edd68464da.jpg|a black and white dog is running through a field .
1526325728_74eb4153d8.jpg|a brown dog is running on the beach .
1540631615_8b42c1b160.jpg|a boy in a red shirt is playing soccer .
1564614124_0ee6799935.jpg|a woman wearing a pink hat and hat is wearing a black hat and holding a camera .
1574401950_6bedc0d29b.jpg|a child in a red shirt is jumping off a slide .
1584315962_5b0b45d02d.jpg|three people are skiing down a snowy hill .
1598085252_f3219b6140.jpg|a dog is running through a field .
1643915227_9f48068772.jpg|a group of people are standing in front of a store .
1659396176_ced00a549f.jpg|a brown dog is running through a grassy area .
171488318_fb26af58e2.jpg|a dog running through the sand .
172097782_f0844ec317.jpg|a girl in a pink swimsuit is wakeboarding on a surfboard .
1721637099_93e9ec2a2f.jpg|a boy in a blue shirt is sitting on a couch .
1765164972_92dac06fa9.jpg|a man in a red shirt is standing in front of a red building .
1771490732_0ab5f029ac.jpg|two young girls playing soccer .
1776981714_5b224d0f7a.jpg|two men stand on a sidewalk with a red bag .
1785138090_76a56aaabc.jpg|a woman in a blue shirt is standing on a sidewalk with a large tree in the background .
1794818900_e0ffdd268e.jpg|a young boy in a red shirt and jeans is sitting on a red bench .
1797507760_384744fb34.jpg|a man and a woman sit on a rocky beach .
1807169176_7f5226bf5a.jpg|a group of people are sitting on a fire .
1809758121_96026913bb.jpg|a man in a blue shirt is jumping off a rock into a lake .
1813777902_07d1d4b00c.jpg|a man wearing a blue jacket and blue jacket is holding a camera .
1814086703_33390d5fc7.jpg|a dog runs through the grass .
1835511273_790eaae6e6.jpg|a woman in a red jacket and red hat is standing in front of a crowd .
186346360_541047336f.jpg|a woman in a blue shirt and sunglasses is standing on a beach .
186890601_8a6b0f1769.jpg|a man is flying over a lake .
1924234308_c9ddcf206d.jpg|a man in a red shirt and black shorts is standing on rocks near a rocky area .
1932161768_996eadac87.jpg|a white dog is jumping over a rock .
1937262236_cbf5bfa101.jpg|a dog is playing with a red and white dog .
195084264_72fb347b0f.jpg|a young boy wearing a yellow shirt is playing a drum .
1999444757_1b92efb590.jpg|a group of young men are playing basketball .
2009636597_e3f4fe19fb.jpg|a man is sitting on a bench with a red car in his mouth .
2017276266_566656c59d.jpg|a dog is jumping over a stick .
2049051050_20359a434a.jpg|a woman in a black jacket and a black hat is sitting on a rock .
2053441349_a98b5fc742.jpg|a brown dog is running through a field .
2069279767_fb32bfb2de.jpg|a man and woman are sitting on a rock .
2076428547_738e0a132f.jpg|a person in a black jacket and black jacket is fishing into the water .
2077346067_0a3a5aae65.jpg|a man and a woman walking along a sidewalk .
2079554580_f18d5c181b.jpg|a dog runs through the woods .
2081446176_f97dc76951.jpg|a woman wearing a black jacket and a white jacket is wearing a black jacket .
2089122314_40d5739aef.jpg|a dog runs on the street .
2089542487_b4c1ee7025.jpg|a man in a blue shirt and black shorts is walking on a dirt path .
2097403787_77a154f5b9.jpg|a man stands on a rocky hill with mountains in the background .
2097489021_ca1b9f5c3b.jpg|a young girl wearing a pink shirt is playing with a guitar .
2100046085_69b59b6645.jpg|two white dogs are standing in the water .
2100909581_b7dde5b704.jpg|a white dog runs through the snow .
2102030040_2e8f4738f7.jpg|a man in a blue jacket is snowboarding .
210839948_bbd5bfa3b6.jpg|a person wearing a red shirt is climbing a rock .
2109479807_eec8d72ca7.jpg|two men are sitting on a bench with a mountain in the background .
2115631346_9585a479b0.jpg|a brown dog is running through the snow .
2115849046_2aa9fa8d13.jpg|a brown dog is running through a field of water .
211981411_e88b8043c2.jpg|a small child is sitting in a puddle of water .
2125216241_5b265a2fbc.jpg|a man is sitting on a boat on a <unk> day .
2127207912_9298824e66.jpg|a man climbs a rock face .
2141713971_e25eb12712.jpg|two children playing in the snow .
2149982207_5345633bbf.jpg|a young boy in a blue bathing suit is sitting on a beach .
2156726763_034ecd2e39.jpg|a little girl in a red jacket and a pink hat is walking on a dirt path .
2170222061_e8bce4a32d.jpg|two dogs are running around in a field .
2172526745_649f420569.jpg|a woman and a child are standing in shallow water .
2180356743_b3a3c9a7f6.jpg|a group of people are standing on a sidewalk with a man in the background .
2180886307_5156460b2c.jpg|a dog swims in the water .
2181724497_dbb7fcb0a9.jpg|a young boy holds a drink in his mouth .
2192475933_d779bf42eb.jpg|a man in a black shirt and sunglasses is standing on a beach with a man in the background .
2192802444_b14bb87b95.jpg|three people are sitting on a dock in a lake .
219301553_d2fffe9e0c.jpg|a group of people are standing in a river with a large mountain in the background .
2198484810_50a893824a.jpg|a brown dog is jumping over a hurdle .
2198511848_311d8a8c2f.jpg|a man in a yellow jacket is snowboarding over a snowy hill .
2206960564_325ed0c7ae.jpg|a small white dog is running on the beach .
2220175999_081aa9cce8.jpg|a brown dog is standing in the water with a man in its mouth .
2224995194_518859d97d.jpg|a man climbs a rock face .
2230067846_74046b89d3.jpg|a man in a white shirt and black pants is holding a white ball in his mouth .
2238166082_140f8b01b8.jpg|a young boy sits on a red sled .
2242863004_3a9f82a31f.jpg|a dog is running through a field .
2245348304_08bc5642f1.jpg|a man wearing a red shirt is standing in front of a large building .
2248487950_c62d0c81a9.jpg|two people are sitting on a sidewalk with a <unk> bag .
2250870111_8402d2319d.jpg|a man in a blue shirt and jeans stands on a sidewalk .
2251418114_2b0cd4c139.jpg|a man is climbing a rock .
2251747182_6b67a3ab8b.jpg|a basketball player in a red uniform is playing basketball .
2254913901_569f568926.jpg|a man in a red shirt and black pants stands on a sidewalk .
2257798999_d9d1b9a45a.jpg|two dogs play with each other in the grass .
2258662398_2797d0eca8.jpg|a man rides a surfboard through the water .
2260560631_09093be4c6.jpg|a dog is running through a field of leaves .
2267682214_e1434d853b.jpg|a dog is playing with a ball .
2271468944_3264d29208.jpg|a young girl in a blue shirt and blue jeans is walking through a stream .
2271671533_7538ccd556.jpg|a man is standing on a snowy hill .
2273799395_5072a5736d.jpg|a group of people are standing in the snow .
2275253272_00f941366e.jpg|a girl in a pink shirt and a pink shirt walks down a sidewalk .
2275372714_017c269742.jpg|two children are playing on a park bench .
2276120079_4f235470bc.jpg|a boy in a blue shirt and black shorts is playing with a group of people .
2278110011_ba846e7795.jpg|a little boy in a red shirt is playing with a red ball .
2278776373_fe499a93be.jpg|two men are standing on a sidewalk near a brick building .
2279980395_989d48ae72.jpg|a child is playing with a ball in a pile of plastic balls .
2282522980_45cfa8e0cf.jpg|two dogs play in the snow .
2286239223_d84ffc4e4a.jpg|a man in a yellow jacket and a woman in a black jacket are sitting on a bench .
2301525531_edde12d673.jpg|a black and white dog running through the snow .
2303426046_09cfd7bc4e.jpg|a brown dog is running through a field of grass .
2310233145_910cb5b4c8.jpg|a man and woman are sitting on a dock near a lake .
2312731013_1a3a8e25c6.jpg|a man and woman sitting on a snowy hill .
2312747482_20a81b2230.jpg|a little girl is sitting in a field of flowers .
2314722788_6262c3aa40.jpg|two dogs are playing in a field .
2322327298_7948338390.jpg|a brown dog is running through the snow .
2322593776_e6aaf69e80.jpg|a person in a red jacket is standing in the snow .
2327088022_478dbd2c17.jpg|a man in a yellow jacket is standing in the snow .
232874193_c691df882d.jpg|a black dog runs across the grass .
2331510788_986809bbb4.jpg|a brown dog is running through the snow .
233270519_d60d4518fa.jpg|a man in a swimsuit and shorts is walking on the beach .
233361142_d9d5f0cae9.jpg|a dog is holding a stick in its mouth .
2335634931_7e9e8c2959.jpg|a person wearing a blue jacket and blue pants is jumping over a red and black dog .
2337809114_899ba61330.jpg|a young girl in a pink shirt and black pants is holding a small child in a black shirt .
2339573065_91f1e3be60.jpg|a woman wearing a black jacket and sunglasses is standing in front of a crowd .
2346523971_d3f1e12ce4.jpg|a group of people are playing guitar .
2353102255_67d9d2e40a.jpg|a black dog is playing with a yellow toy .
2354064281_10afa38206.jpg|two dogs are playing in the snow .
2355763034_9fb61a8165.jpg|a man in a red hat and red hat is holding a red flag .
2355819665_39021ff642.jpg|a man in a red shirt and blue hat is riding a bicycle down a street .
2356574282_5078f08b58.jpg|a man in a red shirt and black shorts is standing in front of a crowd .
2363100645_c3423a0433.jpg|a woman sits on a couch and holds a guitar .
2363540508_9dd1ccf7c7.jpg|a girl in a red shirt and blue jeans is playing in a tunnel .
2369248869_0266760c4a.jpg|a black and white dog is running through the water .
2369452202_8b0e8e25ca.jpg|a person in a red and white uniform is flying through a field .
2375924666_fee50f1cba.jpg|a brown dog is running through a grassy area .
2378356400_f6bde5d9b3.jpg|a woman in a yellow shirt and jeans stands next to a woman in a yellow dress .
2379150102_157d718d1d.jpg|a dog is walking down a street with a large stick in its mouth .
2393264648_a280744f97.jpg|a girl in a red jacket and orange jacket is standing in the ocean .
2400958566_4e09424046.jpg|a man is standing on a rocky beach .
2402744031_11f9f2f2b8.jpg|a man and a woman are standing on a stage in front of a crowd .
2403078014_4b1d6f8bde.jpg|a man in a helmet rides a bicycle on a street .
2403544744_cba152f5c1.jpg|two dogs are playing with a toy .
2407091303_931c918490.jpg|a young boy wearing a red shirt is playing on a playground .
241031254_0c6f30e3d1.jpg|a man in a blue shirt and blue shorts is walking down a path .
2411824767_4eb1fae823.jpg|a dog is running through the water .
241345844_69e1c22464.jpg|a football player in a red uniform is holding a football .
241346215_037e18403a.jpg|two women in red shirts are playing with a white guitar .
241347823_6b25c3e58e.jpg|a football player in a red uniform is being tackled by a player in red and white .
2415803492_56a673dc25.jpg|a group of people are playing on a <unk> .
2420696992_22e0dd467d.jpg|a little boy in a blue shirt and blue jeans is sitting on a toy .
2428751994_88a6808246.jpg|a black and white dog is running through a grassy field .
2435166927_28b8130660.jpg|two young boys are smiling .
2436081047_bca044c1d3.jpg|a young girl is standing on a wooden bench .
2438085746_588dce8724.jpg|a black and white dog is running on the grass .
2444821454_22a346c996.jpg|a black and white dog is running through a field .
2447284966_d6bbdb4b6e.jpg|a child is sitting on a blue bench with a blue bag in the background .
2447289477_e888df561d.jpg|a man in a black shirt is playing with a ball .
2448270671_5e0e391a80.jpg|a brown dog is running on a dirt path .
244910177_7c4ec3f65b.jpg|a woman and two young women are standing in front of a crowd .
2450453051_f1d4a78ab4.jpg|a man is holding a frisbee in front of a white dog .
2452334314_a7c443a787.jpg|a man rides a horse on a grassy field .
2456907314_49bc4591c4.jpg|a young boy is standing on a dock with a fishing pole in the background .
2460797929_66446c13db.jpg|a group of men are playing in a boat with water .
2465218087_fca77998c6.jpg|a man in a yellow kayak is paddling a yellow kayak on a beach .
2471297228_b784ff61a2.jpg|two girls are standing in front of a tree with a woman in the background .
247652942_29ede19352.jpg|a person in a yellow shirt is flying over a yellow and white barrel .
2489602993_896c1ea40a.jpg|a man on a motorcycle rides a dirt bike .
2497074804_b4f3e7fd90.jpg|a woman in a green shirt and black shorts walks down a street .
2498897831_0bbb5d5b51.jpg|two children are sitting on a swing .
2501742763_b2cb322087.jpg|a black dog runs through the grass .
2502935765_a0ae1fa7be.jpg|a man is standing on a dirt road with a dog in the background .
2505465055_f1e6cf9b76.jpg|a brown dog runs through a field .
2507182524_7e83c6de82.jpg|a brown dog is running through a muddy puddle .
2512876666_9da03f9589.jpg|a man stands on a mountain .
251586160_a31b187a37.jpg|a young boy is running through a large puddle .
2522540026_6ee8ab4c6a.jpg|a blue and white race car is driving through a race .
2525455265_f84ba72bd7.jpg|a man is standing on a bench with a dog in his mouth .
2531531628_b4a5041680.jpg|a little girl in a pink shirt is standing on a wooden bench .
253762507_9c3356c2f6.jpg|a man and a woman are standing in front of a <unk> door .
2540757246_5a849fbdcb.jpg|a group of people are standing together .
2544182005_3aa1332bf9.jpg|a man in a blue shirt is riding a yellow bike .
2545363449_1985903f82.jpg|a young girl in a yellow dress stands in front of a store .
2552949275_b8cdc450cc.jpg|a brown dog is walking through the water .
2553550034_5901aa9d6c.jpg|a man in a red shirt and white hat is climbing a rock .
2558312618_13d362df66.jpg|a brown dog is running through a grassy field .
256958382_b9006bfc5b.jpg|a boy in a red shirt is running on a grassy field .
2574084102_f2be3f73cb.jpg|a young boy jumps off of a trampoline .
257588281_39e1c9d929.jpg|a black dog is splashing in water .
2584957647_4f9235c150.jpg|a dog swims in the water .
2587106431_1cc0e719c6.jpg|two young boys are smiling for the camera .
2590207488_ddd89037ba.jpg|a black and white dog is running on the beach .
2591603141_33d6397e0a.jpg|a brown dog runs through the water .
2596474836_79468f23a0.jpg|a young boy swimming in a pool .
2596475173_58f11fc583.jpg|a dog is chewing on a stick .
2600442766_e750ec9a56.jpg|a black dog and a brown dog are playing in the water .
2603125422_659391f961.jpg|a man in a black shirt is standing on a sidewalk with a <unk> in the background .
2603334363_cfa32c4482.jpg|a young girl in a green shirt is sitting on a green toy .
2603792708_18a97bac97.jpg|a man is standing on a beach with a sunset in the background .
2615811117_42b1838205.jpg|a little girl is sitting on a red couch with a red bucket .
2616508003_fa5ca5780d.jpg|a person on a motorcycle is riding on a motorcycle .
2616643090_4f2d2d1a44.jpg|a young boy is eating a large stick .
2623496164_68ffeb5067.jpg|a person in a red jacket and white jacket is riding a dirt bike down a dirt path .
262681159_e5fed3acf0.jpg|a woman in a red shirt is sitting in front of a crowd .
2629346153_155ba73ae9.jpg|a man is running on a beach with a dog in his mouth .
2629445284_83390e83af.jpg|a black and white dog is running through a course .
2630806789_6835bbae95.jpg|a man is standing in front of a mountain .
2633722629_5eeb649c09.jpg|a young girl in a black shirt and white shorts is jumping in the air .
263522013_d118d46b2d.jpg|a dog is shaking off water .
264141937_585320617a.jpg|a man in a white shirt and blue jeans is standing on a sidewalk with a white flag in the
2642474867_4e6346f809.jpg|a man wearing a red hat and a hat is smiling .
2644916196_16f91dae54.jpg|a little girl is eating a yellow toy .
2647229826_e0e0c65ef1.jpg|a man in a blue shirt is skateboarding .
2650620212_0586016e0d.jpg|a black dog is jumping over a red object .
2660480624_45f88b3022.jpg|a group of people are standing on a sidewalk with a blue and white car in the background .
2662262499_3cdf49cedd.jpg|a baseball player in a red uniform is running on the field .
2662537919_18a29fca8a.jpg|a girl is playing a guitar .
2662816021_ac474e0fde.jpg|a dog with a red collar is swimming in water .
2663794355_e726ec7e05.jpg|a man is sitting on a rock near a body of water .
2667783499_3a4f38f636.jpg|a young boy is standing in front of a window .
267325341_1a96ef436e.jpg|a black dog is running through a grassy area .
2674784195_704f6b79d0.jpg|a boy in a swimsuit is being splashed by a body of water .
2679926555_b11cf45595.jpg|a young boy in a green shirt is jumping up to catch a green frisbee .
2685139184_4ff45e0f76.jpg|a man in a blue shirt and jeans is standing on a sidewalk with a shopping cart .
2687328779_b4356dab16.jpg|a white dog jumps over a blue and white fence .
2695085448_a11833df95.jpg|a man in a black shirt and black pants is standing on a street .
2695961935_a2a6338f26.jpg|a black and white dog jumping over a hurdle .
2698487246_e827404cac.jpg|a group of men playing soccer .
269898095_d00ac7d7a4.jpg|a man is walking along a sidewalk with a large black dog .
2699426519_228719b1db.jpg|a brown dog runs through the grass with a stick in its mouth .
2699733386_c346c87ea6.jpg|a black dog is running through water .
2701895972_8605c4e038.jpg|a group of people are standing in front of a building .
2707933554_f6dc5e0e3c.jpg|a young girl is holding a large stick in his mouth .
2708634088_a4686be24c.jpg|two dogs are running through a field .
2714703706_d21c5cb8df.jpg|two dogs play with a toy .
2715035273_8fc8b1291c.jpg|a man and a woman walk down a street .
2715289538_d77c8d0a85.jpg|a man wearing a black shirt and a white shirt is standing in front of a building .
2715337869_e4fe36db50.jpg|a young boy is playing in the water .
271637337_0700f307cf.jpg|a black and white dog is running on a course .
271770120_880e8d8e52.jpg|two black dogs are playing in a grassy field .
2734669176_c272b42597.jpg|a man in a blue shirt and blue shorts is playing with a soccer ball .
2735290454_1bd8bc5eac.jpg|a black dog with a yellow toy in its mouth is standing on the beach .
2738255684_0324ed062d.jpg|a person wearing a blue shirt is riding a dirt bike .
2739332078_13d9acce59.jpg|a woman in a black shirt and a white shirt is smiling .
2742426734_291df6da08.jpg|a man in a red shirt and black shorts is riding a dirt bike .
2746839158_4195210d27.jpg|a man in a blue shirt and blue shorts is standing in front of a fountain .
2751694538_fffa3d307d.jpg|a man is sitting in a car .
2752084369_52e7867da7.jpg|a man wearing a white shirt and black shorts is holding a sign .
2752329719_868545b7d2.jpg|a man sits on a bench next to a lake .
2759089516_cbb993cb92.jpg|a young boy sits on a wooden bench with a red and white bag .
2765747519_2b851e01d6.jpg|a young boy wearing a green shirt is holding a green and blue plastic cup .
2773682293_3b712e47ff.jpg|a man and a woman stand outside .
278007543_99f5a91a3e.jpg|a brown and white dog is running along a beach .
2780087302_6a77658cbf.jpg|a group of people are riding horses on a busy street .
2781296531_f6f0f6c0f5.jpg|a young boy is playing with a water hose .
2782480767_064c95eff2.jpg|two children are swimming in a pool .
2788652511_4f10060e07.jpg|a man kayaking in the ocean .
2795287622_da187a3e86.jpg|a boy is jumping into a swimming pool .
2810333931_47fd8dd340.jpg|a group of children are standing in front of a crowd .
2810412010_f8b3bc1207.jpg|a person in a red shirt is standing in front of a large large tree .
2813033949_e19fa08805.jpg|a dog jumps up to catch a ball .
2814406547_a237ef0122.jpg|a person wearing a blue shirt is standing on a colorful <unk> <unk> .
2815256108_fc1302117d.jpg|a man in a blue shirt and a white shirt standing next to a man in a red jacket .
2815788792_d226215d10.jpg|a man in a blue shirt and white shorts is running with a dog .
2818735880_68b3dfe1f5.jpg|two dogs are playing in a field .
2831723637_30d4456665.jpg|a dog runs through the grass .
2832453252_a06f7826a8.jpg|a girl in a pink shirt and a girl in a pink bathing suit are playing in a pool .
2842849030_89548af61c.jpg|a boy in a red shirt is swimming in a pool .
2846785268_904c5fcf9f.jpg|a man in a yellow shirt is standing on a skateboard with a yellow and white dog in the background
2848895544_6d06210e9d.jpg|a boy plays with a soccer ball in a field .
2854959952_3991a385ab.jpg|a dog leaps in the air to catch a frisbee .
2855910826_d075845288.jpg|a man in a yellow shirt is playing soccer .
2857609295_16aaa85293.jpg|a white dog runs through a field with a crowd in its mouth .
2860400846_2c1026a573.jpg|a white dog is running on the grass .
2860667542_95abec3380.jpg|a white dog is jumping over water .
2865703567_52de2444f2.jpg|a man is jumping off a ramp .
2870426310_4d59795032.jpg|two children are playing in a yard .
2873252292_ebf23f5f10.jpg|a man in a yellow shirt is riding a bike on a dirt bike .
2873445888_8764699246.jpg|a man in a blue shirt is playing in the water .
2877159456_ea4a46b0d2.jpg|a man in a blue shirt and a blue helmet is riding a bike .
2892992529_f3335d0a71.jpg|a black dog is jumping up to catch a frisbee .
289599470_cc665e2dfb.jpg|a man holds a baby .
2904997007_23d4b94101.jpg|a young man wearing a white shirt and black pants is jumping off a chair .
2905942129_2b4bf59bc0.jpg|a girl in a blue shirt and blue shorts is riding a skateboard on a playground .
2913207978_9e9624e249.jpg|a man in a white shirt is standing in front of a crowd .
2921094201_2ed70a7963.jpg|a man and woman are sitting on a train .
2921112724_5cb85d7413.jpg|a person in a blue helmet is riding a motorcycle on a dirt track .
2922973230_5a769ef92a.jpg|a woman and a dog are running through a field .
2923497185_c64004ff2d.jpg|a dog is running on a grassy field .
2923825744_ca125353f0.jpg|a man in a red uniform is playing a football .
2924870944_90ff9eca1a.jpg|a brown dog is running on the sand .
2926786902_815a99a154.jpg|a man is standing on top of a mountain with a blue sky in the background .
292780636_72e1968949.jpg|a man in a black jacket and black hat is standing on a sidewalk .
2929405404_1dff5ab847.jpg|a person in a red and white uniform is racing on a dirt track .
2934022873_3fdd69aee4.jpg|two men are playing football on a dirt road .
293879742_5fe0ffd894.jpg|a dog jumps over a fence .
2943384009_c8cf749181.jpg|a motorcycle racer is racing on a track .
2946016853_ceca4f5a07.jpg|a dog is jumping over a yellow and yellow tunnel .
2952320230_26601173be.jpg|a man in a white shirt is playing tennis .
2966552760_e65b22cd26.jpg|a young boy in a red shirt is sitting on a couch .
2967549094_d32422eb01.jpg|a man in a red shirt and black jacket is standing next to a bus .
2968216482_ede65b20a8.jpg|a man rides a bike on a dirt road .
2969380952_9f1eb7f93b.jpg|a boy in a blue shirt and blue shorts is running on the grass .
2978236380_fb24c43f1e.jpg|a man is playing guitar .
2978735290_7464b12270.jpg|two children play soccer on the grass .
2985679744_75a7102aab.jpg|a man and a woman are sitting on a bus .
2990977776_1ec51c9281.jpg|a skateboarder in a blue shirt and black pants is jumping on a skateboard .
2991993027_36ac04e9a0.jpg|a group of people standing in front of a building .
2992614450_b5a6692239.jpg|a man is doing a trick on a bicycle .
2992999413_018f48aabc.jpg|a group of people standing in front of a building .
3009644534_992e9ea2a7.jpg|a dog runs through the grass .
3027009366_c8362521e8.jpg|a man in a red uniform is running with a football in the background .
3030962048_f71948226c.jpg|a man with a yellow headband is holding a yellow toy .
3035785330_2fd5e32bb1.jpg|a man is sitting on a couch with a large brown dog .
3035949542_cb249790f5.jpg|two men playing soccer .
3040051410_6205682ba3.jpg|a man and a woman are looking at each other .
3041487045_b48ac7ed08.jpg|a brown dog is running on a dirt path .
3042380610_c5ea61eef8.jpg|a group of people are standing in front of a <unk> wall .
3043266735_904dda6ded.jpg|a man in a black shirt and black hat is holding a camera .
3047264032_14393ecea8.jpg|a man is holding a baby in his mouth .
3049649128_d83d847168.jpg|a boy is running through the leaves .
3049770416_0fb1954315.jpg|a woman in a green shirt is holding a camera .
3050976633_9c25cf6fa0.jpg|two men playing soccer .
3051754615_3d6494c2ae.jpg|a group of people are playing in a water fountain .
3053415073_5b667230ed.jpg|a boy in a green shirt is climbing a large rock .
3054997030_797096dd12.jpg|a boy in a blue shirt is climbing a rope fence .
3064097919_e536ab9693.jpg|a man is skateboarding on a ramp .
3067500667_0fce8f28d4.jpg|a football player is holding a white and white flag .
3067971348_69af5bb309.jpg|a man walks down a street with a city street .
3069937639_364fc11e99.jpg|two dogs run through a field .
3072172967_630e9c69d0.jpg|a group of basketball players playing basketball .
3072782873_3278f3b3a7.jpg|a man in a green jacket and jeans walks down a street with a crowd in the background .
3081330705_7a1732e12c.jpg|a man in a blue shirt and jeans is standing on a snowy mountain .
3083016677_5782bc337c.jpg|a man in a blue helmet and helmet is riding a motorcycle .
3084001782_41a848df4e.jpg|two girls are sitting on a bench with a bottle of beer in the background .
3084034954_fe5737197d.jpg|two girls are playing in a colorful dress .
3084380974_268a0f9236.jpg|a black dog is running through the water .
3087485737_cb09bc80b6.jpg|a woman in a black bathing suit is walking on the beach .
3091338773_9cf10467b4.jpg|a dog is standing on its hind legs .
3092756650_557c5f2d03.jpg|a group of people are standing in front of a store .
3095225232_2e6e6dc92e.jpg|a man and woman are sitting on a bench with a large building in the background .
3097776588_312932e438.jpg|a man and a woman pose for a picture .
3098824948_23c31df031.jpg|two women in white dresses and white dresses are standing in front of a wedding party .
3103231330_db98b14501.jpg|a man in a red shirt and black jacket is holding a stick in his hand .
3106782647_b078830a9e.jpg|a man in a red shirt is riding a bike on a hill .
3106787167_e5f2312622.jpg|a man in a black shirt and black shirt is holding a football while a man in a blue shirt
3107592525_0bcd00777e.jpg|a woman in a red jacket and a white hat is standing in front of a large wall .
3113322995_13781860f2.jpg|three dogs are running through the snow .
311619377_2ba3b36675.jpg|a woman in a red shirt is standing in front of a fountain .
3117562746_62f57a02b5.jpg|two dogs are playing in the snow .
3118534315_cc03e5ddab.jpg|a man in a black jacket and black jacket is standing in front of a large building .
3120648767_812c72eabe.jpg|a man rides a dirt bike on a dirt road .
3122888809_9ae9b4b9b2.jpg|two dogs are playing in the grass .
312427606_defa0dfaa8.jpg|a young girl with a red shirt is eating a <unk> .
3124549928_10904a5a83.jpg|a woman in a black jacket and hat is standing in front of a tree .
3128164023_ebe8da4c32.jpg|a white dog is running through the sand .
3128514681_a51b415c31.jpg|a woman in a black jacket and black pants walks down a sidewalk .
3132760860_3e743a935d.jpg|a man in a white shirt is jumping in the air .
3134341610_3c55e373a7.jpg|a woman wearing a black coat and a white coat is sitting on a couch .
3134385454_4f1d55333f.jpg|a young boy is playing in a pool with a woman in a blue shirt .
3134644844_493eec6cdc.jpg|a man is holding a baby that is holding a cup .
3135826945_f7c741e5b7.jpg|a boy is sitting on a couch with a <unk> .
3141440149_00becbbb93.jpg|two young boys are standing in front of a <unk> <unk> .
3143978284_ac086be9a3.jpg|two young boys are playing with a toy .
3145967019_1a83ebf712.jpg|three women and two women are posing for a picture .
3150315970_8f045c41a4.jpg|two girls are sitting on a wooden bench .
3150440350_b0f2a9e774.jpg|a man in a blue shirt and blue jeans is sitting on a bench .
3154813159_58a195236d.jpg|a little girl is playing with a stuffed animal .
3155987659_b9ea318dd3.jpg|a black and white dog is jumping up in the air to catch a ball .
3160531982_37f5636b8a.jpg|a person is <unk> a parachute .
316577571_27a0e0253e.jpg|two dogs run through the grass .
3167379087_927ff05a35.jpg|a man rides a bike through the woods .
3168123064_d1983b8f92.jpg|a surfer rides a wave .
3168796547_0c14b368f9.jpg|a man in a red jacket and black jacket is standing in front of a large tree .
3169394115_2193158cee.jpg|a white dog is standing on its hind legs in front of a white building .
3169591322_d0b6d0cd04.jpg|a young boy is jumping on a skateboard .
3170110692_d1e0e66cee.jpg|two men wearing sunglasses and sunglasses are posing for a picture .
3174228611_6cf9d2266b.jpg|a basketball player in a blue uniform is dribbling the ball .
3175446111_681a89f873.jpg|a group of people are sitting at a table with a <unk> .
3182258223_5b9c8a8c55.jpg|two men are playing guitar .
3188044631_ca3a9cc737.jpg|a woman and a woman are standing in front of a large building .
3189941492_a3f4347b1a.jpg|three girls are playing on the beach .
319851847_7212423309.jpg|a man in a yellow shirt is standing in front of a large building .
319869052_08b000e4af.jpg|a man stands on top of a mountain .
3203878596_cbb307ce3b.jpg|two brown dogs are running through the snow .
3204354161_caf89ec784.jpg|a man is doing a trick on a bicycle .
3204686006_88f04547b9.jpg|two children are playing in the snow .
3205839744_24504ba179.jpg|a man sits on a wooden bench with a dog .
3206999917_e682672cbc.jpg|a dog is running through the snow .
3208987435_780ae35ef0.jpg|two young girls are smiling .
3209564153_077ed4d246.jpg|a skier in a black jacket is skiing down a snowy hill .
3212465975_b657f40eed.jpg|a man in a blue shirt is skating down a snowy hill .
3213992947_3f3f967a9f.jpg|a man in a red jacket is standing in front of a lake .
3215081286_d55541aa6b.jpg|a man in a black shirt is standing in front of a large building .
3220151692_d398ef9779.jpg|two men in black shorts are playing with a volleyball .
3224560800_8fefd52510.jpg|a man in a black shirt is standing on a dirt path .
3225037367_a71fa86319.jpg|a group of people are gathered in front of a crowd .
3225226381_9fe306fb9e.jpg|two dogs are playing with a toy .
3225998968_ef786d86e0.jpg|a person in a red jacket is skiing down a snowy hill .
3231751379_10ebf7150c.jpg|two hockey players are sitting on the ground .
3232030272_b2480a5fe7.jpg|a man in a blue shirt and jeans is standing on a sidewalk with a blue and white bag in
3232470286_903a61ea16.jpg|a group of people are playing soccer .
3240048764_acce8af2a5.jpg|a group of people sit on a boat on a lake .
3240090389_97a8c5d386.jpg|a man in a red shirt and red pants is skateboarding .
3241965735_8742782a70.jpg|a person in a black jacket is snowboarding in the snow .
3242263536_a436f19257.jpg|a skateboarder does a trick on a ramp .
3243020805_2bafc36c45.jpg|a man in a yellow shirt and black shorts is holding a stick in his hand .
324355356_859988a710.jpg|a brown dog is running through a field of grass .
3244734844_c318c29c23.jpg|a skateboarder is jumping off a wall .
325005410_e1ff5041b5.jpg|a group of people are standing in front of a building .
3250695024_93e8ab7305.jpg|a group of young girls posing for a picture .
3256043809_47258e0b3e.jpg|a dog is running through the snow .
3259228898_cefd04580b.jpg|a man in a red shirt and white pants is standing on a cellphone .
3259231890_16fe167b31.jpg|a woman in a black shirt and a white shirt is standing in front of a crowd .
3261666285_86fceb762d.jpg|two men playing basketball .
3262647146_a53770a21d.jpg|a man wearing a blue shirt and jeans is standing on a sidewalk with a small child in the background
3263741906_6e4508d1c8.jpg|a dog runs on the dirt path .
3264397357_72f084cac1.jpg|a woman in a red jacket and a black jacket is standing in front of a large rock wall .
3264650118_be7df266e7.jpg|a man is walking through the snow .
3265964840_5374ed9c53.jpg|a man in a blue jacket and blue hat is riding a red sled .
3266261886_36e1323d2f.jpg|a man in a black shirt and a brown shirt is sitting on a cellphone .
3275537015_74e04c0f3e.jpg|three women in bathing suits are playing volleyball .
3284460070_6805990149.jpg|a man wearing a red shirt and blue jeans is riding a red bike .
3286045254_696c6b15bd.jpg|two men in a basketball uniform are playing basketball .
3286198467_8880be127e.jpg|a dog with a red collar is running in the grass .
3287963317_186491ee78.jpg|two people are standing in the snow covered mountains .
3291587911_81fc33300e.jpg|a man in a black jacket is playing with a black dog .
3298233193_d2a550840d.jpg|a brown dog is running on the beach .
3304712466_18cbdb85fe.jpg|a group of people riding bicycles on a dirt bike .
3307077951_dd31f1971c.jpg|a black and white dog is running on the grass .
3307147971_5b3abf61f9.jpg|a man in a red shirt and black pants is riding a red and white bicycle through a field of
330849796_c575c3108a.jpg|a man in a blue shirt is sitting in a chair with a woman in a blue shirt and a
3309082580_7228067ee0.jpg|a man is riding a dirt bike in a forest .
33108590_d685bfe51c.jpg|a man and a woman are sitting on a bench .
3312096605_f458757418.jpg|a man is standing on a rock overlooking the ocean .
3312779887_7682db7827.jpg|a man is standing on a snowboard in front of a group of people .
3314180199_2121e80368.jpg|a young boy wearing a red uniform is playing with a soccer ball .
3315353266_70f0bbb1c3.jpg|a young boy playing with a guitar on a skateboard .
3318564834_4ccea90497.jpg|two men in black shirts are smiling .
3320411267_df70b90501.jpg|a person in a blue jacket and blue jacket is standing in front of a tree .
3321956909_7b5ddf500f.jpg|a little boy is sitting on the snow .
3324056835_84904fe2f8.jpg|a group of dogs running on a beach .
3325129757_7a1979ac11.jpg|a snowboarder jumps over a snowy hill .
3325157569_8084ab3293.jpg|a basketball player is being tackled by a player in a white uniform .
3325910784_5ecb88310c.jpg|a white dog jumps over a fence .
3330102093_1d6e35e78d.jpg|a man is riding a bike on a rocky path .
3335370208_460fc19bfa.jpg|a man rides a dirt bike through a muddy puddle .
3338291921_fe7ae0c8f8.jpg|a brown dog is standing in the snow .
3339105374_cc41e0b7d7.jpg|a person in a red jacket and black jacket is standing on a snowy hill .
3340575518_137ce2695f.jpg|a group of people are standing on a mountain .
3341084434_db5e7d1fdc.jpg|a person is skiing down a snowy hill .
3341477531_4e37450f35.jpg|a man in a white shirt is skateboarding .
3344798356_5cc41f7939.jpg|a child in a blue jacket is skiing down a snowy hill .
3346289227_198fced308.jpg|a skateboarder is jumping down a stairs .
334768700_51c439b9ee.jpg|a man and a woman are sitting on a lawn .
3349309109_4024a09a17.jpg|a group of people are standing in front of a mountain .
3349451628_4249a21c8f.jpg|a man wearing a blue shirt and jeans is standing on a sidewalk .
3350786891_6d39b234e9.jpg|a group of children are sitting in a large crowd .
3351111378_b5d80783a1.jpg|a young boy is sitting in the ocean .
3351586010_7ffaa90ea8.jpg|a boy in a blue shirt and jeans is skateboarding .
3352199368_b35f25793e.jpg|a person in a yellow jacket is standing in the snow .
3353328134_dd9ed0edab.jpg|a person in a red jacket is snowboarding in the snow .
3353400143_8b9543f7dc.jpg|a man rides a motorcycle on a track .
3354200211_35348e47d8.jpg|a group of people are standing in front of a building .
3355683198_715fb1a2ac.jpg|a man in a white shirt is standing on a railing beside a fence .
3356494271_6103d0b556.jpg|two dogs are playing on a dirt path .
3359636318_39267812a0.jpg|three people stand outside a store .
3370308329_7f2de5bb58.jpg|two people are standing on a snowy hill .
3371533654_73a12a35a4.jpg|a child is standing in front of a large large large large large large large large large large large large
3373481779_511937e09d.jpg|a hockey player in blue is challenging the puck .
3373870185_f79163fa51.jpg|a white bird is flying over the water .
3373946160_1c82d54442.jpg|a black and brown dog is playing with a ball in the grass .
3375134059_7e9eb2ef01.jpg|a white dog is running on the grass .
3376809186_4e26d880b7.jpg|a group of people are running through a field .
3391924827_53b31542ce.jpg|a man in a yellow shirt is jumping off a ramp .
3392019836_c7aeebca1c.jpg|a group of people are standing in front of a large colorful building .
3392293702_ccb0599857.jpg|a dog is standing in the snow with a stick in its mouth .
3395173129_f0ac0a1ed4.jpg|a man and woman stand outside a store .
339658315_fbb178c252.jpg|a boy is playing with a ball on a sidewalk .
3397220683_4aca010f86.jpg|a dog is climbing up a snowy mountain .
3398745929_8cd3bbb8a8.jpg|a surfer is jumping off the beach .
3401647850_685c03ffff.jpg|a dog is standing in the water with a stick in its mouth .
3403263046_3cc701a07a.jpg|a girl in a red uniform is playing basketball .
3410899419_4f8dca6f3f.jpg|two young men are sitting on a wooden bench with water in the background .
3412450683_7da035f2de.jpg|a black dog is jumping through the water .
3414734842_beb543f400.jpg|three men and two young men are standing in front of a tree .
3416339125_0860d3d1eb.jpg|a group of men wearing blue shirts and a blue shirt are sitting on a couch .
3417672954_46b75dea8d.jpg|a young boy is jumping off a trampoline .
3421706363_a3e22a4908.jpg|a man in a yellow shirt is riding a bicycle on a ramp .
3422458549_f3f3878dbf.jpg|a man in a red shirt and a white shirt playing tennis .
3423249426_02bedf9260.jpg|a man in a red shirt and black pants is standing on a rock .
3424927725_c4d1fcfac3.jpg|a person in a yellow shirt is jumping over a rock .
3425061393_d093edb8da.jpg|a woman in a blue shirt and blue shorts is playing tennis .
3425573919_409d9e15b2.jpg|a group of people are standing on a sidewalk with a group of people in the background .
3426144752_28d63615ca.jpg|a young girl wearing a red jacket holds a <unk> .
3427233064_6af01bfc5c.jpg|a girl in a red coat and white skirt is standing on a wooden bench .
3427614912_b147d083b2.jpg|a man in a black shirt and white shirt is sitting on a bench .
3429351964_531de1bf16.jpg|a man in a yellow shirt and a brown jacket is holding a baby in a green shirt .
3429465163_fb8ac7ce7f.jpg|a young girl in a red coat and red hat is walking down a dirt road .
3430100177_5864bf1e73.jpg|a group of people are playing basketball on a sidewalk .
3430526230_234b3550f6.jpg|a black dog is running through a field of water .
3430779304_43a2146f4b.jpg|two dogs are playing on the beach .
3430782104_34da558eba.jpg|a man is riding a horse on a dirt track .
3431671749_e8e3a449ac.jpg|a small car drives through a parking lot .
3435653630_3b6cca2c40.jpg|a group of men playing basketball .
3440724965_03d6ca5399.jpg|a man wearing a black shirt and glasses is looking at a camera .
3441701164_6dbbdf1bce.jpg|a man in a red and white uniform is holding a sign .
3445428367_25bafffe75.jpg|a man in a black shirt and a brown hat is standing on a ledge .
3446762868_06e9d9d899.jpg|a man is climbing a rock wall .
3447155358_5b5b59b15e.jpg|a little girl in a pink dress is holding a tennis ball .
3455419642_894d03f153.jpg|a man in a yellow shirt is playing with a black dog .
3455757720_7aeba57056.jpg|a man and a dog are walking along a rocky beach .
345684566_235e8dfcc1.jpg|a brown dog runs through the woods .
3457572788_e1fe4f6480.jpg|a skier is skiing down a snowy hill .
3461110860_37ef15af8e.jpg|a man and woman are standing in front of a crowd .
3463034205_e541313038.jpg|a man is jumping off a ramp .
3464871350_3f2d624a9c.jpg|a race car is driving through the snow .
3465000218_c94e54e208.jpg|a group of people are sitting on a bench with their arms raised .
3468346269_9d162aacfe.jpg|a race car drives through a race .
3470008804_0ca36a7a09.jpg|a small black dog is running through a dirt track .
3472270112_0a7cb7b27c.jpg|a baseball player is being tackled by the ball .
3473534758_1ae3847781.jpg|a dog is running on the beach .
3474265683_43b1033d94.jpg|a group of people are standing in front of a building .
3474406285_01f3d24b71.jpg|a dog jumps over a hurdle .
3474985112_24ef46e82d.jpg|a man in a blue helmet rides a bike .
347543966_b2053ae78c.jpg|a group of people stand outside a building .
3476451861_5b9c9ce191.jpg|a man is riding a bike down a steep hill .
3477315700_52a4d740a5.jpg|a young boy wearing a yellow shirt is swinging on a rope swing .
3477778668_81ff0a68e0.jpg|a group of people in <unk> dresses and <unk> are standing on a sidewalk .
3478084305_9e1219c3b6.jpg|a boy in a black shirt and jeans is walking along a sidewalk .
3480051754_18e5802558.jpg|a group of people are sitting on a rock with a blue sky in the background .
3480126681_52cea26bda.jpg|a black dog is running on a dirt path .
3482237861_605b4f0fd9.jpg|a man is riding a skateboard down a sidewalk .
3484625231_5b1a1a07b8.jpg|a football player in red is being tackled by a player in red .
3484842724_ef1124c87a.jpg|two young girls playing softball .
3486324591_9f5eeb24b9.jpg|a boy in a black shirt and white pants is playing with a football .
3486831913_2b9390ebbc.jpg|a brown dog is playing with a blue ball in the grass .
3489774350_a94e6c7bfc.jpg|a young boy is eating a <unk> .
3492734013_e6b177ed99.jpg|a group of people are standing on the ground in front of a large building .
3493479159_609ebe1b35.jpg|a person in a red helmet is riding a red motorcycle on a racetrack .
3496028495_431cfdc042.jpg|a dog swims in the water .
3497234632_6ec740fc1e.jpg|a group of people are standing in front of a large building .
3497502407_ec566442c9.jpg|a man in a yellow shirt is riding a skateboard down a path .
3503471307_464a8f588c.jpg|a man is riding a bicycle down a dirt road .
350443876_c9769f5734.jpg|a man is standing on a white chair with a white bag in his mouth .
3506468593_7e41a6d9f1.jpg|a girl in a pink shirt is climbing through a stream .
3507076266_8b17993fbb.jpg|a man in a black jacket is standing on the grass with a dog .
3518126579_e70e0cbb2b.jpg|a man is sitting on a bench with a black bag .
351876121_c7c0221928.jpg|a dog is biting a stick .
3520617304_e53d37f0af.jpg|a boy is jumping over a white fence .
3522000960_47415c3890.jpg|a surfer rides a wave .
3526150930_580908dab6.jpg|two girls in pink dresses and a girl in a pink dress .
3530843182_35af2c821c.jpg|a man with a white hat and sunglasses is smiling .
353180303_6a24179c50.jpg|a group of people are standing in front of a crowd .
3531811969_49af4c22f0.jpg|a man in a black shirt and white shirt is skateboarding on a skateboard .
3532194771_07faf20d76.jpg|a dog runs through the sand .
3532761259_14026c1e96.jpg|a man and a woman are smiling .
3532782283_341f0381a3.jpg|two men are standing on a dirt path with mountains in the background .
3533394378_1513ec90db.jpg|two young boys are playing on a <unk> swing .
3534183988_3763593dfb.jpg|a man with a black hat and a white hat is standing next to a woman in a black hat
3535664885_c848c0faee.jpg|a hockey player in a red uniform is riding a <unk> .
3539767254_c598b8e6c7.jpg|a man is rowing a boat on a city street .
3544312930_3a0b8d70c1.jpg|a young girl wearing a pink shirt is running in a crowd .
354642192_3b7666a2dd.jpg|a man is swimming in a pool .
3547499166_67fb4af4ea.jpg|a group of girls in white dresses are dancing .
3547600292_6f8aac7f2e.jpg|a black and brown dog is running through a field of grass .
3556571710_19cee6f5bd.jpg|two women are sitting on a grassy field with a man in a black shirt and white shirt and black
3559374748_f18c7caa55.jpg|two people are sitting on a blue vehicle .
3559781965_d4ec00e506.jpg|a brown dog is running through a grassy field .
3560081723_62da0035bd.jpg|a person in a red helmet is riding a motorcycle .
356143774_ef3e93eede.jpg|a dog is jumping through the water .
3562169000_6aa7f1043d.jpg|a yellow car is driving on a <unk> track .
3563668905_689ed479c5.jpg|a man rides a bike on a dirt bike .
3563673070_71fa0903ed.jpg|a man in a yellow kayak is riding a yellow kayak .
3572267708_9d8a81d4a4.jpg|a man in a yellow shirt and blue shorts is standing in front of a crowd .
3572346664_e1e6c77f11.jpg|a woman wearing a black hat and a black hat is looking at the camera .
3578477508_b7d839da16.jpg|a skateboarder is doing a trick on a skateboard .
3584406900_039f30b34c.jpg|a man is sitting on a red bench with a small child on it .
3585487286_ef9a8d4c56.jpg|two dogs run through the water .
3590654365_fd4819f48b.jpg|a group of people are playing with a red and white bull .
359082432_c1fd5aa2d6.jpg|a man and a dog are playing in the woods .
3591458156_f1a9a33918.jpg|a woman in a cowboy hat and a cowboy hat is riding a horse .
3591462960_86045906bd.jpg|a man is riding a horse in a rodeo .
3595412126_4020d4643b.jpg|a woman in a blue jacket and a woman in a white dress are standing in front of a tree
3603064161_a8f3b6455d.jpg|a man is standing on a <unk> with a camera in his mouth .
3603116579_4a28a932e2.jpg|a man in a red uniform is playing baseball .
3604391853_b4809fcb8c.jpg|a man in a red shirt and blue jeans is sitting on a grassy field .
3604928725_58147c87cd.jpg|a man is swimming in the water with a dog in his mouth .
360723732_23199af4bf.jpg|a black and white dog is running on the beach .
3612485097_b706d950ed.jpg|a man wearing a white shirt and black shorts is standing on a bench with a white shirt .
3613005134_bb7f304da1.jpg|a man in a black shirt is standing on a basketball court .
3613705104_46d854134e.jpg|a person in a black shirt is skateboarding on a skateboard .
3616846215_d61881b60f.jpg|three children are playing on a rope swing .
3619232550_0b1e1fd4e4.jpg|two men are sitting on a bench with a man in a black shirt and a woman in a black
3619630328_2d0865b6f4.jpg|a dog jumps over a red and white frisbee .
3628103548_2708abcda2.jpg|two women are playing guitars .
3630641436_8f9ac5b9b2.jpg|a black and white dog is walking through the water .
3631136463_53ff624b82.jpg|a brown dog is sitting in a field of grass .
3636247381_65ccf8f106.jpg|a boy in a white shirt and blue jeans is playing with a basketball .
3636418958_f038130bb2.jpg|a group of people are playing with a colorful ball .
3637966641_1b108a35ba.jpg|a young girl is running through a field with a crowd in the background .
3638178504_be1ff246bd.jpg|two brown dogs are running on a dirt path .
3638631362_af29bbff01.jpg|a man in a yellow shirt and blue hat is standing on a sidewalk with a yellow and yellow umbrella
3638783120_f600ceb19d.jpg|two boys playing soccer .
3638783842_af08dbb518.jpg|a man in a white shirt and a white hat is holding a drink .
3640407952_bb38fb9d55.jpg|a man in a white shirt and jeans is jumping off a ramp .
3640417354_b0b3e4aec9.jpg|a child in a red shirt is swinging on a rope swing .
3642220260_3aa8a52670.jpg|a black dog is walking on a beach .
3648988742_888a16f600.jpg|a woman wearing a yellow jacket and a hat is riding a bike .
3650111717_346804ec2f.jpg|a person is running through the sand .
3656225270_cdf89e3240.jpg|a girl in a red shirt is climbing up a rope .
365759754_6cf7068c9a.jpg|a black dog is running through a large tree .
3660361818_e05367693f.jpg|a man in a black shirt and white shirt is standing on a sidewalk near a city street .
3667404919_b273df57e4.jpg|a man rides a bike through the woods .
3667908724_65c7d112f2.jpg|a woman in a black tank top and white shorts is standing on a cellphone .
3668259129_e073af1533.jpg|a man wearing a blue shirt is jumping on a skateboard .
3669564923_8fcb1a6eff.jpg|two girls are smiling and laughing .
3673970325_4e025069e9.jpg|a man is standing in front of a table with a <unk> .
3676561090_9828a9f6d0.jpg|two small dogs run through the grass .
3678100844_e3a9802471.jpg|a man and a woman are standing in front of a crowd .
3682277595_55f8b16975.jpg|a dog is running through the water .
3683185795_704f445bf4.jpg|a man and a dog are playing with a ball in a field .
3685328542_ab999b83bb.jpg|a man in a black shirt and white shorts is holding a large flag .
3687062281_e62f70baf3.jpg|a man and a woman sit on a bench .
3688839836_ba5e4c24fc.jpg|a woman in a red shirt and a white hat is holding a red umbrella .
3690189273_927d42ff43.jpg|a woman in a red shirt and white shorts is standing on a sidewalk .
3690348036_a01f243fb0.jpg|a man in a helmet rides a bike through a forest .
3692746368_ab7d97ab31.jpg|a man in a yellow kayak is rowing a yellow canoe on a river .
3692892751_f6574e2700.jpg|a group of people are gathered in front of a building .
3697359692_8a5cdbe4fe.jpg|a young boy in a black shirt and white shirt is sitting on a car .
3699522388_2333f01f40.jpg|a man in a blue shirt is jumping off a wall .
3700004668_99c3e3f55b.jpg|a man in a yellow shirt and yellow hat is paddling a yellow kayak in the water .
3701226275_952547ba0f.jpg|a man in a blue shirt and black shorts is standing on a sidewalk .
3703413486_3c682732a0.jpg|two people are sitting on a <unk> structure .
370614351_98b8a166b9.jpg|a man in a red jacket is standing in front of a store .
370713359_7560808550.jpg|a man is sitting on a table with a red bag in his mouth .
3707738261_777075e885.jpg|a little girl in a pink dress is picking her head .
3708172446_4034ddc5f6.jpg|a man is sitting on a wooden bench with a small child in a yellow shirt .
3708244207_0d3a2b2f92.jpg|a man is sitting on a dock near a lake .
3710050559_f6f12760fe.jpg|a young boy is playing with a small dog .
3710674892_857b8056f7.jpg|a little girl in a red shirt holds a yellow toy .
3712742641_641282803e.jpg|a dog swimming in a lake .
3713882697_6dd30c7505.jpg|a woman in a blue shirt is holding a large <unk> .
3715469645_6d1dc019b3.jpg|a woman in a pink dress and a white shirt is smiling .
3716244806_97d5a1fb61.jpg|two men sit on rocks near a rocky area .
3718007650_e5930b4509.jpg|a group of people are standing in front of a tree .
3726629271_7639634703.jpg|two dogs play with a ball in the grass .
375392855_54d46ed5c8.jpg|a young boy wearing a yellow jacket is snowboarding in the snow .
379006645_b9a2886b51.jpg|a black and white dog is running through a pile of snow .
380041023_0dfd712ef1.jpg|a brown dog runs through the grass .
384577800_fc325af410.jpg|a brown and white dog is running through the snow .
385835044_4aa11f6990.jpg|a woman in a black coat and jeans walks down a sidewalk .
386656845_4e77c3e3da.jpg|two dogs play in the snow .
387078972_514a38dc33.jpg|a white dog is running through the snow .
389643437_9a9830a3ba.jpg|a young boy wearing a red shirt is holding a stick in his mouth .
390671130_09fdccd52f.jpg|a black and white dog is carrying a ball in its mouth .
390986651_c801db91a0.jpg|a man in a blue jacket is standing in front of a large rock wall .
397286183_745abbf40d.jpg|a man with a blue shirt and a woman in a blue shirt sitting on a bench .
408233586_f2c1be3ce1.jpg|a black dog is splashing in the water .
418796494_bdb441de42.jpg|a black and brown dog is playing with a tennis ball .
421808539_57abee6d55.jpg|a brown dog is playing in the snow .
424506167_01f365726b.jpg|two dogs are playing in the grass .
425088533_a460dc4617.jpg|a boy in a red jacket is climbing a tree .
427082246_5bf1c3676f.jpg|a man in a white shirt and black pants is standing on a grassy field .
427557693_1108566fd2.jpg|a man is riding a skateboard on a sidewalk .
436009777_440c7679a1.jpg|a man sits on a sidewalk in front of a building .
439037721_cdf1fc7358.jpg|a man stands on a beach with a dog in the background .
440737340_5af34ca9cf.jpg|a man in a red shirt is standing on a dirt road with a black dog .
441212506_fcc321ac28.jpg|two dogs play with a ball in the grass .
458213442_12c59e61a0.jpg|a black and white dog jumps over a hurdle .
459814265_d48ba48978.jpg|a black and white dog is running through a field of grass .
460935487_75b2da7854.jpg|a dog is running through a large pile of <unk> .
460973814_5eacd1ced4.jpg|a group of people sit on a couch and look at a table .
461019788_bc0993dabd.jpg|two people are sitting on a dock near a lake .
467960888_6943257534.jpg|a man is walking along the beach with a black dog on it .
47870024_73a4481f7d.jpg|a man is sitting on a rock with a yellow sky .
47871819_db55ac4699.jpg|a boy in a blue shirt is playing soccer .
483841513_e660391880.jpg|a boy jumping off of a trampoline .
488408004_a1e26d4886.jpg|a boy in a red shirt is standing in a field of water .
492341908_1ef53be265.jpg|two men are standing on a sidewalk with a red car in the background .
493542985_c85ad29ebe.jpg|a woman in a black tank top and white shorts is standing on a dock with a body of water
494221578_027f51cdf4.jpg|a little girl in a red shirt is playing in a red plastic inflatable toy .
494329594_6e751372a0.jpg|a woman in a blue shirt and jeans is walking down a sidewalk .
497791037_93499238d8.jpg|a boy is jumping over a pole .
498957941_f0eda42787.jpg|a young boy is playing with a ball on a court .
50030244_02cd4de372.jpg|a white dog is playing with a ball in the grass .
500678178_26ce0f4417.jpg|a young boy in a striped shirt is swinging on a hay .
503717911_fc43cb3cf9.jpg|a dog runs on a dirt path .
506367606_7cca2bba9b.jpg|a man and a woman are standing in front of a <unk> .
508261758_78fb8ae067.jpg|two young girls are sitting on a bench with a small child in a blue shirt .
509778093_21236bb64d.jpg|a brown dog is playing with a ball in the grass .
514431934_9cf78f05a9.jpg|a man in a red jacket and black jacket is standing in front of a large building .
514990193_2d2422af2c.jpg|a child is sitting on a bench in front of a wooden structure .
516725192_c9cdd63878.jpg|a man is standing on a beach holding a fishing pole .
517102724_a0f3069156.jpg|a black dog is running through the water .
522063319_33827f1627.jpg|two young boys wearing black shirts and hats are smiling .
522486784_978021d537.jpg|two dogs are playing in a field .
524310507_51220580de.jpg|a man in a red shirt is standing in front of a red car .
527968666_1fcddf81ab.jpg|a black dog is running through water .
530888330_a18343e38d.jpg|a man stands on a mountain overlooking the mountains .
532457586_bddfc5251d.jpg|a man and a woman are sitting on a bench .
533483374_86c5d4c13e.jpg|a dog runs through the water .
534655560_dc1c335b3f.jpg|two men are sitting on a bench outside a building .
535309053_ec737abde8.jpg|a group of people are sitting in front of a large tent .
537479916_c033897fac.jpg|a black dog is playing with a red ball in a field .
537532165_e4b7c0e61a.jpg|a girl in a pink shirt and jeans is jumping over a pole .
539493431_744eb1abaa.jpg|a boy is standing on a sidewalk with a stick in his mouth .
539705321_99406e5820.jpg|two boys playing soccer .
541046380_513e295384.jpg|a woman in a pink shirt is holding a yellow balloon .
544576742_283b65fa0d.jpg|a young man climbs a rock face .
551403320_dfdcf9fc3b.jpg|a man is climbing a cliff .
554774472_b5d165ff69.jpg|a boy in a blue shirt is swimming in a pool .
557721978_dfde31bc02.jpg|a little girl in a pink dress and pink boots is walking down the street .
566384456_97da3c7bd6.jpg|a man in a red shirt and hat is standing in front of a man in a red shirt .
57422853_b5f6366081.jpg|a man is standing on a mountain looking at the mountains .
581419370_30485f3580.jpg|three people are climbing up a steep fence .
599366440_a238e805cf.jpg|a dog is running on the grass .
608257195_6ec6f48e37.jpg|a man in a yellow shirt and blue helmet is riding a bike .
61209225_8512e1dad5.jpg|a group of people are standing in front of a large large large large large large large large large large
616177206_0e16c33f6b.jpg|a man and a woman are standing on a sidewalk .
661755629_602ea4cf09.jpg|a dog is playing with a red ball in the grass .
661757041_61e131e913.jpg|a small dog is playing with a red ball in the grass .
697582336_601462e052.jpg|a dog runs through the grass .
700884207_d3ec546494.jpg|a woman wearing a black hat and a blue shirt is sitting on a couch .
709373049_15b8b6457a.jpg|a boy is jumping off a swing .
710878348_323082babd.jpg|a boy in a black shirt and black shorts is running on the beach .
724702877_f2a938766b.jpg|a brown dog is jumping over a wooden wall .
742073622_1206be8f7f.jpg|a boy in a blue shirt and blue jeans is walking down a street .
750196276_c3258c6f1b.jpg|a young boy wearing a green shirt is standing on a sidewalk with a <unk> .
756004341_1a816df714.jpg|two young women wearing sunglasses and sunglasses are smiling .
757133580_ba974ef649.jpg|a young boy wearing a black shirt is climbing up a rope .
760138567_762d9022d4.jpg|a girl in a pink dress is jumping into a pool .
781387473_208ba152b3.jpg|a young girl is playing with a game of <unk> .
783353797_fdf91bdf4c.jpg|a man and a woman are standing on the sidewalk .
799486353_f665d7b0f0.jpg|a young girl is playing with a water fountain .
811662356_f9a632b63c.jpg|a young boy in a blue shirt is standing in front of a large tree .
824923476_d85edce294.jpg|three dogs are running through a field .
836828001_af98d16256.jpg|a little boy is eating a <unk> .
854333409_38bc1da9dc.jpg|two black dogs run through the grass .
857914283_270d7d1c87.jpg|a young boy is playing with a <unk> .
862054277_34b5a6f401.jpg|a little girl is running through the grass .
90011335_cfdf9674c2.jpg|a boat is <unk> through the water .
905355838_3a43fdfd4e.jpg|a man in a white shirt and white shirt is standing on a field with a crowd in the background
917574521_74fab68514.jpg|a little boy in a yellow shirt is playing with a toy in front of a house .
929679367_ff8c7df2ee.jpg|a brown and white dog is playing with a tennis ball .
930126921_1b94605bdc.jpg|a woman in a black shirt and white shorts is holding a cup .
944788251_a0bcd4b960.jpg|a dog is standing in a lake with a stick in its mouth .
95728660_d47de66544.jpg|a man and a woman are standing on a hill with mountains in the background .
957682378_46c3b07bcd.jpg|two dogs are playing in a field .
96985174_31d4c6f06d.jpg|a man is standing on a mountain looking at the mountains .
972381743_5677b420ab.jpg|a man in a black hat and a white hat is standing on a sidewalk with a crowd in the
979383193_0a542a059d.jpg|a group of children sitting on a wooden bench .
989754491_7e53fb4586.jpg|a girl in a swimming pool with a girl in a swimming pool .
997722733_0cb5439472.jpg|a man in a red shirt is climbing a rock wall .
