1022454428_b6b660a67b.jpg|a man and a woman are sitting on a bench
102351840_323e3de834.jpg|a man in a wetsuit is surfing on a wave
1028205764_7e8df9a2ea.jpg|a man in a wetsuit is surfing on a wave
103195344_5d2dc613a3.jpg|a man in a black shirt and jeans is jumping over a pole
1042590306_95dea0916c.jpg|a man and woman are sitting at a table with a bottle of soda
105342180_4d4a40b47f.jpg|a man in a black shirt and hat is sitting on a rock
1056249424_ef2a2e041c.jpg|a group of people are rowing a boat on a beach
1075867198_27ca2e7efe.jpg|a man and a dog are standing in the water
1075881101_d55c46bece.jpg|a young boy wearing a blue shirt is playing with a toy
1079274291_9aaf896cc1.jpg|a girl in a blue dress is eating a
1093737381_b313cd49ff.jpg|a man in a black shirt and jeans is jumping over a pole
1094462889_f9966dafa6.jpg|a dog is running through the snow
1095980313_3c94799968.jpg|a boy in a blue shirt and blue shorts is jumping into a pool
109671650_f7bbc297fa.jpg|a man in a red shirt climbs a rock
1104133405_c04a00707f.jpg|a boy in a red shirt is jumping off of a dock into a pool
1112212364_0c48235fc2.jpg|a young girl in a pink dress is jumping into a pool
1115679311_245eff2f4b.jpg|a man and a dog are in the water
1129704496_4a61441f2c.jpg|a dog swims in the water
1141739219_2c47195e4c.jpg|a man and a woman are sitting on a bench
116409198_0fe0c94f3b.jpg|a man in a black jacket and a backpack walks along a snowy hill
1174629344_a2e1a2bdbf.jpg|a group of people are standing in front of a large building
1191338263_a4fa073154.jpg|a man in a black shirt and tie is standing in front of a brick wall with a shopping cart
1193116658_c0161c35b5.jpg|a man in a blue shirt and jeans is standing on a sidewalk
119534510_d52b3781a3.jpg|a man in a black shirt and jeans is climbing a rock wall
1213336750_2269b51397.jpg|a man and woman sit on a bench
1215334959_b1970965f7.jpg|a man and woman sit on a bench
121971540_0a986ee176.jpg|a group of people are riding horses on a dirt track
1222322358_225067636e.jpg|a girl in a pink shirt and jeans is climbing a rock wall
124195430_d14028660f.jpg|a dog is running through the snow
1248940539_46d33ed487.jpg|a man in a black shirt and jeans stands on a rocky shore
1271210445_7f7ecf3791.jpg|a group of people are standing in front of a brick wall
12830823_87d2654e31.jpg|a group of people are standing in front of a large fountain
1287475186_2dee85f1a5.jpg|a boy in a blue shirt and blue shorts is swimming underwater
1287931016_fb015e2e10.jpg|a black dog is running through the snow
1287982439_6578006e22.jpg|a dog swims in the water
129599450_cab4e77343.jpg|a man in a black jacket and hat is climbing a rock
1313961775_824b87d155.jpg|a boy in a blue shirt and blue shorts is swimming underwater
1322323208_c7ecb742c6.jpg|a man and a woman are sitting on a dock
1329832826_432538d331.jpg|a man in a black shirt and jeans is standing on a sidewalk
1346051107_9cdc14e070.jpg|a man in a blue shirt and jeans is standing on a sidewalk
1348947380_14f0fc1237.jpg|a man and a dog are standing in the snow
1348957576_c4a78eb974.jpg|a man in a black shirt and jeans is climbing a rock wall
1355703632_5683a4b6fb.jpg|a boy in a red shirt is jumping into the air to catch a frisbee
136639119_6040b00946.jpg|a man in a red shirt and jeans is climbing a rock wall
1390268323_2c8204e91c.jpg|a girl in a pink dress is playing with a
1394396709_65040d97ab.jpg|a dog is running through the snow
1400424834_1c76e700c4.jpg|a man in a black shirt and jeans is jumping over a pole
140430106_2978fda105.jpg|a dog is running through the snow
1414820925_3504c394e1.jpg|a man in a blue shirt is jumping over a pole
141755290_4b954529f3.jpg|a man in a black shirt and tie is sitting on a bench reading a book
1418503947_953d373632.jpg|a man in a blue shirt is holding a basketball
1425069308_488e5fcf9d.jpg|a woman and a dog are standing on a sidewalk
1429546659_44cb09cbe2.jpg|a black and white dog is running through the grass
1429814475_0b592b9995.jpg|a woman in a blue shirt and a man in a black shirt and a woman in a black dress are sitting on a park bench
1434607942_da5432c28c.jpg|a man in a black shirt and hat talks to a woman in a black shirt
143688283_a96ded20f1.jpg|a man in a red shirt climbs a rock
1440024115_129212c988.jpg|a man in a black shirt and a brown dog jumping over a hurdle
1445754124_647168f211.jpg|a person in a blue shirt is riding a horse through the woods
1446053356_a924b4893f.jpg|a man in a white shirt and a white shirt and a woman in a black shirt are playing with a ball
1449692616_60507875fb.jpg|a man with a beard and a mustache in his hand
1456393634_74022d9056.jpg|a dog swims through the water
1457762320_7fe121b285.jpg|a man in a red shirt and helmet rides a bike
1468962616_5803b4397f.jpg|a young boy wearing a blue shirt is jumping into the water
1478294229_7e1c822fea.jpg|a man in a black shirt and jeans is riding a bike down a street
1479124077_17dcc0d5d7.jpg|a young boy wearing a blue shirt is jumping off of a dock into a pool
1479513774_70c94cf9d3.jpg|a woman in a black dress sitting on a park bench
1481062342_d9e34366c4.jpg|a young boy wearing a blue shirt is playing with a toy
148512773_bae6901fd6.jpg|a man and a woman are sitting on a rock
1490670858_e122df2560.jpg|a boy in a blue shirt is jumping off of a wooden dock
1499554025_a8ffe0e479.jpg|a group of people are standing in front of a large building
1505686764_9e3bcd854a.jpg|a man in a red shirt climbs a rock
1511807116_41c3645e8c.jpg|a black dog is running through a grassy area
1523984678_edd68464da.jpg|a dog is running through a field
1526325728_74eb4153d8.jpg|a brown dog is running through the grass
1540631615_8b42c1b160.jpg|a man in a red uniform kicks a soccer ball
1564614124_0ee6799935.jpg|a man in a blue shirt is holding a
1574401950_6bedc0d29b.jpg|a child in a blue shirt and jeans is jumping off a wooden dock
1584315962_5b0b45d02d.jpg|a man in a black jacket and a backpack walks along a snowy hill
1598085252_f3219b6140.jpg|a black dog is running through the grass
1643915227_9f48068772.jpg|a man in a black shirt and jeans stands on a sidewalk
1659396176_ced00a549f.jpg|a dog is running through a field
171488318_fb26af58e2.jpg|a dog is running through the snow
172097782_f0844ec317.jpg|a man in a wetsuit is surfing on a wave
1721637099_93e9ec2a2f.jpg|a woman in a blue shirt and a white and a man in a white shirt and tie
1765164972_92dac06fa9.jpg|a man with a blue shirt and a woman in a black shirt and a woman in a black shirt are smiling
1771490732_0ab5f029ac.jpg|a boy in a red shirt is jumping into the air to catch a frisbee
1776981714_5b224d0f7a.jpg|a man and woman sit on a bench
1785138090_76a56aaabc.jpg|a man in a black shirt and jeans stands on a sidewalk
1794818900_e0ffdd268e.jpg|a boy in a blue shirt and jeans is jumping off of a wooden dock
1797507760_384744fb34.jpg|a man and a woman are standing on a rocky beach
1807169176_7f5226bf5a.jpg|a group of people are standing in front of a large building
1809758121_96026913bb.jpg|a man in a black wetsuit is surfing on a wave
1813777902_07d1d4b00c.jpg|a man in a blue shirt is holding a baby in a baby carrier
1814086703_33390d5fc7.jpg|a dog running through a field
1835511273_790eaae6e6.jpg|a man and a woman are smiling and laughing
186346360_541047336f.jpg|a man in a blue shirt and shorts is climbing a rock wall
186890601_8a6b0f1769.jpg|a man in a wetsuit is surfing on a wave
1924234308_c9ddcf206d.jpg|a man in a black shirt and jeans stands on a rocky shore
1932161768_996eadac87.jpg|a dog running on the beach
1937262236_cbf5bfa101.jpg|a black and white dog is running through the grass
195084264_72fb347b0f.jpg|a boy in a blue shirt is eating a
1999444757_1b92efb590.jpg|a group of people are standing in front of a large building
2009636597_e3f4fe19fb.jpg|a man in a black shirt and jeans stands on a sidewalk
2017276266_566656c59d.jpg|a dog is jumping up to catch a frisbee
2049051050_20359a434a.jpg|a man in a black shirt and hat is climbing a rock wall
2053441349_a98b5fc742.jpg|a brown dog is running through a field
2069279767_fb32bfb2de.jpg|a man and a woman are standing on a rocky ledge overlooking a lake
2076428547_738e0a132f.jpg|a man in a black wetsuit is surfing on a wave
2077346067_0a3a5aae65.jpg|a man in a black shirt and jeans stands on a sidewalk
2079554580_f18d5c181b.jpg|a person on a bike is riding a dirt bike
2081446176_f97dc76951.jpg|a man with a beard and a woman wearing a black shirt
2089122314_40d5739aef.jpg|a black and white dog is running through a field
2089542487_b4c1ee7025.jpg|a man and a woman are standing on a rocky shore
2097403787_77a154f5b9.jpg|a man in a black jacket and hat is skiing down a snowy hill
2097489021_ca1b9f5c3b.jpg|a man in a blue shirt is holding a basketball
2100046085_69b59b6645.jpg|a dog swims in the water
2100909581_b7dde5b704.jpg|a dog is running through the snow
2102030040_2e8f4738f7.jpg|a snowboarder is jumping over a snowy hill
210839948_bbd5bfa3b6.jpg|a man in a red shirt climbs a rock
2109479807_eec8d72ca7.jpg|a man in a black shirt and hat rides a bike
2115631346_9585a479b0.jpg|two dogs run through the snow
2115849046_2aa9fa8d13.jpg|a dog running on the beach
211981411_e88b8043c2.jpg|a man is standing on top of a mountain
2125216241_5b265a2fbc.jpg|a man is jumping over a large pole
2127207912_9298824e66.jpg|a man in a red shirt climbs a rock
2141713971_e25eb12712.jpg|two people are sitting on a hill overlooking a snowy mountain
2149982207_5345633bbf.jpg|a boy in a blue shirt and blue shorts is swimming underwater
2156726763_034ecd2e39.jpg|a girl in a pink shirt and jeans is running through a field of flowers
2170222061_e8bce4a32d.jpg|a dog running on the grass
2172526745_649f420569.jpg|a girl in a bathing suit stands in the surf
2180356743_b3a3c9a7f6.jpg|a man and woman are sitting on a bench
2180886307_5156460b2c.jpg|a dog swims in the water
2181724497_dbb7fcb0a9.jpg|a young boy wearing a blue shirt is playing with a toy
2192475933_d779bf42eb.jpg|a group of people are standing in front of a large fountain
2192802444_b14bb87b95.jpg|a group of people are rowing a boat on a beach
219301553_d2fffe9e0c.jpg|a group of people are rowing a boat on a snowy day
2198484810_50a893824a.jpg|a dog is jumping up to catch a frisbee
2198511848_311d8a8c2f.jpg|a snowboarder is jumping over a snowy hill
2206960564_325ed0c7ae.jpg|a dog is running through the grass
2220175999_081aa9cce8.jpg|a dog swims in the water
2224995194_518859d97d.jpg|a man in a black shirt and jeans is climbing a rock
2230067846_74046b89d3.jpg|a man in a blue shirt is holding a basketball
2238166082_140f8b01b8.jpg|a man in a black wetsuit is surfing on a wave
2242863004_3a9f82a31f.jpg|a dog is running through a field
2245348304_08bc5642f1.jpg|a man in a black shirt and tie is sitting on a bench
2248487950_c62d0c81a9.jpg|a man in a black shirt and tie is standing in front of a brick wall
2250870111_8402d2319d.jpg|a man in a black shirt and jeans stands on a sidewalk
2251418114_2b0cd4c139.jpg|a man in a black shirt and jeans is climbing a rock
2251747182_6b67a3ab8b.jpg|a man in a red uniform is holding a basketball
2254913901_569f568926.jpg|a man in a black shirt and jeans stands on a sidewalk
2257798999_d9d1b9a45a.jpg|two dogs are running through a field
2258662398_2797d0eca8.jpg|a man in a wetsuit is surfing
2260560631_09093be4c6.jpg|a dog is running through the snow
2267682214_e1434d853b.jpg|a dog is running through a field
2271468944_3264d29208.jpg|a young girl in a bathing suit is jumping into the water
2271671533_7538ccd556.jpg|a person in a red jacket is skiing down a snowy hill
2273799395_5072a5736d.jpg|a group of people are riding bicycles on a dirt path
2275253272_00f941366e.jpg|a young girl in a pink dress rides a horse
2275372714_017c269742.jpg|a group of people are standing in a field of grass and one is holding a camera
2276120079_4f235470bc.jpg|a woman in a blue shirt and jeans stands in front of a fountain
2278110011_ba846e7795.jpg|a little girl in a pink shirt is jumping up in the air
2278776373_fe499a93be.jpg|a man and a woman are sitting on a bench
2279980395_989d48ae72.jpg|a baby in a blue shirt is eating a
2282522980_45cfa8e0cf.jpg|two dogs are running through the snow
2286239223_d84ffc4e4a.jpg|a man and woman are sitting at a table with a laptop computer
2301525531_edde12d673.jpg|a black dog is running through the snow
2303426046_09cfd7bc4e.jpg|a brown dog is running through a field
2310233145_910cb5b4c8.jpg|a man and a woman are rowing a boat on a lake
2312731013_1a3a8e25c6.jpg|a group of people are standing in the snow
2312747482_20a81b2230.jpg|a young girl in a pink dress is playing with a
2314722788_6262c3aa40.jpg|a brown dog is running through a field
2322327298_7948338390.jpg|a dog running through the snow
2322593776_e6aaf69e80.jpg|a person in a red jacket is skiing down a snowy hill
2327088022_478dbd2c17.jpg|a man in a red jacket stands on a snowy mountain
232874193_c691df882d.jpg|a black and white dog is running through the grass
2331510788_986809bbb4.jpg|a dog running through the snow
233270519_d60d4518fa.jpg|a man in a wetsuit is surfing on a beach
233361142_d9d5f0cae9.jpg|a dog is running through a field
2335634931_7e9e8c2959.jpg|a dog jumps over a hurdle
2337809114_899ba61330.jpg|a woman in a blue shirt and a white
2339573065_91f1e3be60.jpg|a man in a black shirt and tie is holding a sign that says " free hugs "
2346523971_d3f1e12ce4.jpg|a man in a blue shirt is holding a basketball
2353102255_67d9d2e40a.jpg|a black and white dog is jumping over a hurdle
2354064281_10afa38206.jpg|a brown dog is running through the snow
2355763034_9fb61a8165.jpg|a man in a blue shirt is holding a sign that says " free hugs "
2355819665_39021ff642.jpg|a man in a red shirt and jeans is riding a bike down a dirt path
2356574282_5078f08b58.jpg|a man in a blue shirt is standing in front of a crowd
2363100645_c3423a0433.jpg|a woman in a blue shirt and a white skirt and a woman in a white shirt and a man in a white shirt and a woman in a black shirt are sitting on a bench
2363540508_9dd1ccf7c7.jpg|a girl in a pink dress is playing with a colorful toy
2369248869_0266760c4a.jpg|a black dog is swimming through water
2369452202_8b0e8e25ca.jpg|a man in a red shirt is doing a trick on a skateboard
2375924666_fee50f1cba.jpg|a brown dog is running through a field
2378356400_f6bde5d9b3.jpg|a man in a black shirt and tie is sitting on a bench
2379150102_157d718d1d.jpg|a dog jumps over a hurdle
2393264648_a280744f97.jpg|a woman in a blue bathing suit stands in the snow
2400958566_4e09424046.jpg|a man in a black shirt and jeans stands on a rocky ledge
2402744031_11f9f2f2b8.jpg|a man in a black shirt and tie is standing in front of a brick wall
2403078014_4b1d6f8bde.jpg|a man in a red shirt and jeans is riding a bike down a dirt path
2403544744_cba152f5c1.jpg|a dog is running through a field
2407091303_931c918490.jpg|a boy in a blue shirt is jumping off of a wooden dock
241031254_0c6f30e3d1.jpg|a man in a black shirt and jeans is standing on a sidewalk
2411824767_4eb1fae823.jpg|a dog running through the grass
241345844_69e1c22464.jpg|a football player in a red uniform is trying to block the player in red who is trying to block the player in red
241346215_037e18403a.jpg|a man in a blue shirt is holding a sign that says " free hugs "
241347823_6b25c3e58e.jpg|a football player in a red uniform is trying to block the player in red who is trying to block the player in red
2415803492_56a673dc25.jpg|a man in a blue shirt and jeans skateboards down a railing
2420696992_22e0dd467d.jpg|a baby in a blue shirt is eating a
2428751994_88a6808246.jpg|a dog is running through a field
2435166927_28b8130660.jpg|a woman in a blue shirt and a white a man in a black shirt and a woman in a black shirt are smiling
2436081047_bca044c1d3.jpg|a boy in a blue shirt and jeans is jumping off of a wooden dock
2438085746_588dce8724.jpg|a dog is running through the grass
2444821454_22a346c996.jpg|a black and white dog is running through the grass
2447284966_d6bbdb4b6e.jpg|a man and a woman are sitting on a bench
2447289477_e888df561d.jpg|a woman in a blue shirt and a man in a black shirt and a woman in a black shirt are sitting on a bench
2448270671_5e0e391a80.jpg|a dog runs through the grass
244910177_7c4ec3f65b.jpg|a man and woman are sitting at a table with a bottle of soda
2450453051_f1d4a78ab4.jpg|a dog jumps over a hurdle
2452334314_a7c443a787.jpg|a dog jumps over a hurdle
2456907314_49bc4591c4.jpg|a man in a black shirt and jeans is climbing a rock wall
2460797929_66446c13db.jpg|a group of people are riding on a in the woods
2465218087_fca77998c6.jpg|a man in a wetsuit is surfing on a wave
2471297228_b784ff61a2.jpg|a woman in a blue shirt and jeans stands in front of a statue of a fountain
247652942_29ede19352.jpg|a snowboarder in a yellow jacket is airborne
2489602993_896c1ea40a.jpg|a man on a motorcycle steers a wheelie
2497074804_b4f3e7fd90.jpg|a group of people are standing in front of a large building
2498897831_0bbb5d5b51.jpg|a girl in a pink shirt is jumping on a trampoline
2501742763_b2cb322087.jpg|a black and white dog is running through the grass
2502935765_a0ae1fa7be.jpg|a woman in a blue shirt and jeans stands on a sidewalk
2505465055_f1e6cf9b76.jpg|a brown dog is running through a field
2507182524_7e83c6de82.jpg|a brown dog is running through a field
2512876666_9da03f9589.jpg|a man in a black jacket and hat is riding a bike down a rocky hill
251586160_a31b187a37.jpg|a black dog is running through a grassy area
2522540026_6ee8ab4c6a.jpg|a race car is driving through a puddle
2525455265_f84ba72bd7.jpg|a man in a black shirt and jeans is jumping over a hurdle
2531531628_b4a5041680.jpg|a young girl in a pink dress is playing with a
253762507_9c3356c2f6.jpg|a man and woman are sitting on a bench
2540757246_5a849fbdcb.jpg|a man in a black shirt and tie is holding a sign that says " free hugs "
2544182005_3aa1332bf9.jpg|a man in a red shirt and black pants is riding a bike down a dirt path
2545363449_1985903f82.jpg|a man in a black shirt and tie is holding a sign that says " free hugs "
2552949275_b8cdc450cc.jpg|a dog swims in the water
2553550034_5901aa9d6c.jpg|a man in a black shirt and jeans stands on a rock
2558312618_13d362df66.jpg|a brown dog is running through a field
256958382_b9006bfc5b.jpg|a young boy wearing a blue shirt is jumping off of a dock into a pool
2574084102_f2be3f73cb.jpg|a boy in a blue shirt is jumping off a dock into a pool
257588281_39e1c9d929.jpg|a black dog is running through the water
2584957647_4f9235c150.jpg|a dog swims in the water
2587106431_1cc0e719c6.jpg|a man and woman are smiling and laughing
2590207488_ddd89037ba.jpg|a black and white dog is running through the snow
2591603141_33d6397e0a.jpg|a dog swims in the water
2596474836_79468f23a0.jpg|a boy in a blue shirt and blue shorts is swimming underwater
2596475173_58f11fc583.jpg|a black and white dog is running through the grass
2600442766_e750ec9a56.jpg|a black dog is running through the water
2603125422_659391f961.jpg|a man in a black shirt and jeans stands on a sidewalk
2603334363_cfa32c4482.jpg|a boy in a blue shirt is jumping off of a wooden dock
2603792708_18a97bac97.jpg|a man and a woman are sitting on a dock
2615811117_42b1838205.jpg|a baby in a blue shirt is eating a
2616508003_fa5ca5780d.jpg|a man on a motorcycle steers a wheelie
2616643090_4f2d2d1a44.jpg|a young girl wearing a pink shirt is playing with a toy
2623496164_68ffeb5067.jpg|a man in a black shirt and a black backpack is riding a bike
262681159_e5fed3acf0.jpg|a man and woman are smiling and laughing
2629346153_155ba73ae9.jpg|a man and a dog are jumping up at each other
2629445284_83390e83af.jpg|a black and white dog is running through a field
2630806789_6835bbae95.jpg|a man is kayaking down a river
2633722629_5eeb649c09.jpg|a man in a blue shirt is playing with a basketball
263522013_d118d46b2d.jpg|a dog swims through the water
264141937_585320617a.jpg|a man in a black shirt and tie is standing in front of a brick wall
2642474867_4e6346f809.jpg|a woman with a and a
2644916196_16f91dae54.jpg|a baby in a blue shirt and a white
2647229826_e0e0c65ef1.jpg|a man in a black shirt and jeans skateboards on a railing
2650620212_0586016e0d.jpg|a black and brown dog is running through the grass
2660480624_45f88b3022.jpg|a man is standing on a sidewalk
2662262499_3cdf49cedd.jpg|a soccer player in a red uniform is running on the grass
2662537919_18a29fca8a.jpg|a man in a blue shirt is holding a
2662816021_ac474e0fde.jpg|a dog swims in the water
2663794355_e726ec7e05.jpg|a man in a wetsuit is surfing on a wave
2667783499_3a4f38f636.jpg|a boy in a blue shirt is jumping off of a dock into a pool
267325341_1a96ef436e.jpg|a black dog is running through a field
2674784195_704f6b79d0.jpg|a man in a wetsuit is surfing on a wave
2679926555_b11cf45595.jpg|a little girl in a pink shirt is jumping up in the air
2685139184_4ff45e0f76.jpg|a man in a black shirt and jeans stands on a sidewalk
2687328779_b4356dab16.jpg|a dog is running through a field
2695085448_a11833df95.jpg|a man in a black shirt and tie is sitting on a bench
2695961935_a2a6338f26.jpg|a black and white dog is running through a field
2698487246_e827404cac.jpg|a group of men in uniforms are playing basketball
269898095_d00ac7d7a4.jpg|a man in a black shirt and jeans is standing on a sidewalk
2699426519_228719b1db.jpg|a brown dog is running through a field
2699733386_c346c87ea6.jpg|a black dog is running through the water
2701895972_8605c4e038.jpg|a group of people are standing in front of a brick wall
2707933554_f6dc5e0e3c.jpg|a boy in a blue shirt is playing with a toy
2708634088_a4686be24c.jpg|a dog is running through a field
2714703706_d21c5cb8df.jpg|a dog is running through a field
2715035273_8fc8b1291c.jpg|a group of people are standing in front of a large building
2715289538_d77c8d0a85.jpg|a man with a beard and a woman wearing a black jacket and a black jacket
2715337869_e4fe36db50.jpg|a boy in a blue shirt and blue shorts is jumping into a pool
271637337_0700f307cf.jpg|a black and white dog is running through a field
271770120_880e8d8e52.jpg|two dogs are running through the grass
2734669176_c272b42597.jpg|a man in a red uniform kicks a soccer ball
2735290454_1bd8bc5eac.jpg|a black and white dog is running through the snow
2738255684_0324ed062d.jpg|a black and white dog is running through the grass
2739332078_13d9acce59.jpg|a man in a black shirt and tie is holding a sign that says " free hugs "
2742426734_291df6da08.jpg|a group of people are riding horses on a track
2746839158_4195210d27.jpg|a woman in a blue shirt and jeans is jogging on a sidewalk
2751694538_fffa3d307d.jpg|a man in a black shirt and jeans stands on a sidewalk
2752084369_52e7867da7.jpg|a man in a blue shirt is holding a
2752329719_868545b7d2.jpg|a man and a woman are sitting on a dock
2759089516_cbb993cb92.jpg|a young boy wearing a blue shirt is playing with a toy
2765747519_2b851e01d6.jpg|a young boy wearing a blue shirt is playing with a toy
2773682293_3b712e47ff.jpg|a man and a woman are sitting on a bench
278007543_99f5a91a3e.jpg|a dog is running through the snow
2780087302_6a77658cbf.jpg|a group of people are watching a man in a black shirt and a woman in a black shirt are playing basketball
2781296531_f6f0f6c0f5.jpg|a young boy wearing a red shirt is jumping into a pool
2782480767_064c95eff2.jpg|a boy in a blue shirt and blue shorts is swimming underwater
2788652511_4f10060e07.jpg|a man in a wetsuit is surfing
2795287622_da187a3e86.jpg|a young boy in a red shirt is jumping into the water
2810333931_47fd8dd340.jpg|a group of people are watching a man in a black shirt and a woman in a black shirt are playing basketball
2810412010_f8b3bc1207.jpg|a man in a black wetsuit is surfing on a wave
2813033949_e19fa08805.jpg|a dog is running through a field
2814406547_a237ef0122.jpg|a man in a black shirt and tie is sitting on a bench
2815256108_fc1302117d.jpg|a man in a black shirt and tie is standing in front of a brick wall
2815788792_d226215d10.jpg|a woman in a black shirt and a white shirt is running on the grass
2818735880_68b3dfe1f5.jpg|a man and a dog are running through a field
2831723637_30d4456665.jpg|a dog running on the grass
2832453252_a06f7826a8.jpg|a man and a woman are standing on a beach
2842849030_89548af61c.jpg|a boy in a blue shirt and blue shorts is swimming underwater
2846785268_904c5fcf9f.jpg|a man in a red shirt is doing a trick on a skateboard
2848895544_6d06210e9d.jpg|a man in a black shirt and jeans is jumping over a hurdle
2854959952_3991a385ab.jpg|a dog runs through the grass
2855910826_d075845288.jpg|a football player in a red uniform is running on the field
2857609295_16aaa85293.jpg|a dog runs across the grass
2860400846_2c1026a573.jpg|a dog is running through a field
2860667542_95abec3380.jpg|a white bird flies over water
2865703567_52de2444f2.jpg|a man in a black shirt and jeans is jumping over a pole
2870426310_4d59795032.jpg|a woman and a dog are standing on a sidewalk
2873252292_ebf23f5f10.jpg|a man on a motorcycle steers a wheelie
2873445888_8764699246.jpg|a boy in a blue shirt and blue shorts is jumping into a pool
2877159456_ea4a46b0d2.jpg|a man in a black shirt and jeans is riding a bike down a street
2892992529_f3335d0a71.jpg|a dog is running through a field
289599470_cc665e2dfb.jpg|a woman in a blue shirt and a white skirt and a man in a black shirt and a man in a black shirt and tie
2904997007_23d4b94101.jpg|a boy in a blue shirt is jumping off of a wooden dock
2905942129_2b4bf59bc0.jpg|a young girl in a pink shirt and jeans is swinging on a swing
2913207978_9e9624e249.jpg|a man in a blue shirt is holding a basketball
2921094201_2ed70a7963.jpg|a man and woman are sitting at a table with a laptop computer
2921112724_5cb85d7413.jpg|a man in a red shirt is doing a trick on a skateboard
2922973230_5a769ef92a.jpg|a man and a dog are jumping over a hurdle
2923497185_c64004ff2d.jpg|a dog is running through a field
2923825744_ca125353f0.jpg|a hockey player in a red uniform is trying to block the player in red
2924870944_90ff9eca1a.jpg|a dog running through the snow
2926786902_815a99a154.jpg|a snowboarder is jumping over a snowy hill
292780636_72e1968949.jpg|a man in a black shirt and jeans stands on a sidewalk
2929405404_1dff5ab847.jpg|a dirt biker rides through the mud
2934022873_3fdd69aee4.jpg|a football player in a red uniform is running on the field
293879742_5fe0ffd894.jpg|a brown dog is running through a field
2943384009_c8cf749181.jpg|a man on a motorcycle steers a wheelie
2946016853_ceca4f5a07.jpg|a dog is jumping up to catch a frisbee
2952320230_26601173be.jpg|a man in a red uniform kicks a soccer ball
2966552760_e65b22cd26.jpg|a baby in a blue shirt is eating a
2967549094_d32422eb01.jpg|a man and a woman are sitting on a bench
2968216482_ede65b20a8.jpg|a man on a bike is riding a bike through the woods
2969380952_9f1eb7f93b.jpg|a group of men playing rugby
2978236380_fb24c43f1e.jpg|a man in a black shirt and hat is standing in front of a crowd
2978735290_7464b12270.jpg|a boy in a blue shirt is jumping off a dock into a pool
2985679744_75a7102aab.jpg|a man in a black shirt and tie is standing in front of a brick wall
2990977776_1ec51c9281.jpg|a man in a black shirt and jeans is jumping over a pole
2991993027_36ac04e9a0.jpg|a group of people are standing in front of a large building
2992614450_b5a6692239.jpg|a man on a bike is jumping over a ramp
2992999413_018f48aabc.jpg|a group of people are standing in front of a brick building
3009644534_992e9ea2a7.jpg|a dog is running through a field
3027009366_c8362521e8.jpg|a football player in a red uniform is running on the field
3030962048_f71948226c.jpg|a man with a beard and a mustache in his hand
3035785330_2fd5e32bb1.jpg|a man in a black shirt and tie is sitting on a bench reading a book
3035949542_cb249790f5.jpg|a man in a red shirt is running on the grass
3040051410_6205682ba3.jpg|a man and woman are smiling and laughing
3041487045_b48ac7ed08.jpg|a brown dog is running through a field
3042380610_c5ea61eef8.jpg|a group of people are standing in front of a brick building
3043266735_904dda6ded.jpg|a man in a black shirt and tie is standing in front of a brick wall
3047264032_14393ecea8.jpg|a man with a beard and a mustache in his hand
3049649128_d83d847168.jpg|a person in a blue jacket is climbing up a rocky hill
3049770416_0fb1954315.jpg|a man in a blue shirt is holding a basketball
3050976633_9c25cf6fa0.jpg|a group of men playing rugby
3051754615_3d6494c2ae.jpg|a group of people are rowing a boat on a beach
3053415073_5b667230ed.jpg|a man in a black shirt and jeans is jumping over a pole
3054997030_797096dd12.jpg|a boy in a blue shirt and blue shorts is jumping off of a swing
3064097919_e536ab9693.jpg|a man in a black shirt and jeans is jumping off a ramp
3067500667_0fce8f28d4.jpg|a football player in a red uniform is running on the field
3067971348_69af5bb309.jpg|a man in a black shirt and jeans stands on a sidewalk
3069937639_364fc11e99.jpg|a dog runs through the grass
3072172967_630e9c69d0.jpg|a man in a red uniform is holding a basketball
3072782873_3278f3b3a7.jpg|a group of people are standing in front of a large building
3081330705_7a1732e12c.jpg|a man in a black jacket and hat is standing on a rocky hill
3083016677_5782bc337c.jpg|a man in a red shirt is riding a bike in a parade
3084001782_41a848df4e.jpg|a woman in a blue shirt and a white
3084034954_fe5737197d.jpg|a group of people are standing in front of a large building
3084380974_268a0f9236.jpg|a man in a black wetsuit is surfing on a wave
3087485737_cb09bc80b6.jpg|a man in a wetsuit is surfing on a wave
3091338773_9cf10467b4.jpg|a dog is running through a field
3092756650_557c5f2d03.jpg|a group of people are standing in front of a brick building
3095225232_2e6e6dc92e.jpg|a man in a blue shirt is standing on a sidewalk
3097776588_312932e438.jpg|a man in a blue shirt is holding a sign that says " free hugs "
3098824948_23c31df031.jpg|a man and woman are sitting at a table with a bottle of soda
3103231330_db98b14501.jpg|a man in a blue shirt is standing in front of a crowd
3106782647_b078830a9e.jpg|a man on a bike is jumping over a hill
3106787167_e5f2312622.jpg|a man in a red uniform is playing a soccer ball
3107592525_0bcd00777e.jpg|a woman in a blue shirt and a man in a black shirt and a woman in a black shirt are smiling
3113322995_13781860f2.jpg|a dog running on the beach
311619377_2ba3b36675.jpg|a man in a black shirt and tie is sitting on a bench
3117562746_62f57a02b5.jpg|a dog is running through the snow
3118534315_cc03e5ddab.jpg|a man and woman are sitting on a bench
3120648767_812c72eabe.jpg|a man on a motorcycle steers a wheelie
3122888809_9ae9b4b9b2.jpg|a dog is running through a field
312427606_defa0dfaa8.jpg|a young girl with a pink headband is playing with a
3124549928_10904a5a83.jpg|a woman in a blue shirt and jeans stands on a rock
3128164023_ebe8da4c32.jpg|a dog running through the snow
3128514681_a51b415c31.jpg|a man and a woman are sitting on a bench
3132760860_3e743a935d.jpg|a man in a blue shirt and jeans is doing a trick on a skateboard
3134341610_3c55e373a7.jpg|a man and a woman are smiling
3134385454_4f1d55333f.jpg|a boy in a blue shirt and blue shorts is jumping into a pool
3134644844_493eec6cdc.jpg|a man with a and a woman in a black shirt are sitting on a bench
3135826945_f7c741e5b7.jpg|a young boy wearing a blue shirt is playing with a toy
3141440149_00becbbb93.jpg|a woman in a blue shirt and a white
3143978284_ac086be9a3.jpg|a woman in a white shirt and a white shirt with a black purse and a woman in a white shirt and a man in a white shirt and tie
3145967019_1a83ebf712.jpg|a man and woman are smiling and laughing
3150315970_8f045c41a4.jpg|a man and a woman are sitting on a bench
3150440350_b0f2a9e774.jpg|a man and woman sit on a bench
3154813159_58a195236d.jpg|a baby in a blue shirt is eating a
3155987659_b9ea318dd3.jpg|a dog is running through a field
3160531982_37f5636b8a.jpg|a snowboarder in a red jacket is airborne
316577571_27a0e0253e.jpg|a black and white dog is running through the grass
3167379087_927ff05a35.jpg|a man on a motorcycle steers a wheelie
3168123064_d1983b8f92.jpg|a man in a yellow kayak is floating on a river
3168796547_0c14b368f9.jpg|a man and a woman are standing on a sidewalk
3169394115_2193158cee.jpg|a dog is jumping over a hurdle
3169591322_d0b6d0cd04.jpg|a skateboarder in the air above a ramp
3170110692_d1e0e66cee.jpg|a man and woman are smiling and laughing
3174228611_6cf9d2266b.jpg|a man in a red uniform is playing basketball
3175446111_681a89f873.jpg|a group of people are standing in front of a brick building
3182258223_5b9c8a8c55.jpg|a man and a woman are smiling and laughing
3188044631_ca3a9cc737.jpg|a group of people are standing in front of a large building
3189941492_a3f4347b1a.jpg|a group of people are rowing a boat on a beach
319851847_7212423309.jpg|a man in a black shirt and jeans stands on a sidewalk
319869052_08b000e4af.jpg|a man in a black jacket and hat is climbing a rock
3203878596_cbb307ce3b.jpg|a brown dog is running through the snow
3204354161_caf89ec784.jpg|a man rides a bike down a dirt path
3204686006_88f04547b9.jpg|a group of people are riding a raft through the snow
3205839744_24504ba179.jpg|a dog is jumping over a hurdle
3206999917_e682672cbc.jpg|a black dog is running through the snow
3208987435_780ae35ef0.jpg|a girl in a blue dress is eating a
3209564153_077ed4d246.jpg|a snowboarder is jumping over a snowy hill
3212465975_b657f40eed.jpg|a man in a red shirt is riding a motorcycle
3213992947_3f3f967a9f.jpg|a man in a black shirt and jeans stands on a rocky shore
3215081286_d55541aa6b.jpg|a man in a black shirt and tie is standing in front of a brick wall
3220151692_d398ef9779.jpg|a girl in a bathing suit is jumping into the water
3224560800_8fefd52510.jpg|a man in a black shirt and jeans is standing on a sidewalk
3225037367_a71fa86319.jpg|a group of people are standing in front of a brick building
3225226381_9fe306fb9e.jpg|a dog running through a field
3225998968_ef786d86e0.jpg|a snowboarder is jumping over a snowy hill
3231751379_10ebf7150c.jpg|a hockey goalie in a red uniform is making a turn on a racetrack
3232030272_b2480a5fe7.jpg|a man in a black shirt and tie is standing in front of a brick wall
3232470286_903a61ea16.jpg|a football player in a red uniform gets ready to throw the ball
3240048764_acce8af2a5.jpg|a man and a woman are rowing a boat on a lake
3240090389_97a8c5d386.jpg|a man in a black shirt and jeans is jumping over a pole
3241965735_8742782a70.jpg|a person on a bike is jumping over a hill
3242263536_a436f19257.jpg|a man in a black shirt and jeans is jumping over a pole
3243020805_2bafc36c45.jpg|a group of men playing basketball
324355356_859988a710.jpg|a dog running through the snow
3244734844_c318c29c23.jpg|a man in a black shirt and jeans is jumping off a dock into a pool
325005410_e1ff5041b5.jpg|a group of people are standing in front of a brick building
3250695024_93e8ab7305.jpg|a man and woman are sitting at a table with a bottle of soda
3256043809_47258e0b3e.jpg|a black and white dog is running through the snow
3259228898_cefd04580b.jpg|a group of people are standing in front of a large building
3259231890_16fe167b31.jpg|a man in a black shirt and tie is holding a sign that says " free hugs "
3261666285_86fceb762d.jpg|a man in a red uniform is playing basketball
3262647146_a53770a21d.jpg|a man in a black shirt and jeans is standing on a ledge overlooking a parking lot
3263741906_6e4508d1c8.jpg|a dog is running through the grass
3264397357_72f084cac1.jpg|a man in a blue shirt is standing by a tree trunk
3264650118_be7df266e7.jpg|a man in a red jacket is climbing a rocky hill
3265964840_5374ed9c53.jpg|a man in a red jacket is snowboarding down a snowy hill
3266261886_36e1323d2f.jpg|a man in a blue shirt is holding a
3275537015_74e04c0f3e.jpg|a group of people are watching something in the air
3284460070_6805990149.jpg|a man in a red shirt and a helmet riding a bike
3286045254_696c6b15bd.jpg|a man in a red uniform is holding a basketball
3286198467_8880be127e.jpg|a brown dog is running through a field
3287963317_186491ee78.jpg|two people are rowing a canoe on a river
3291587911_81fc33300e.jpg|a dog is jumping over a hurdle
3298233193_d2a550840d.jpg|a dog swims in the water
3304712466_18cbdb85fe.jpg|a group of people are riding bicycles on a dirt track
3307077951_dd31f1971c.jpg|a black and white dog is running through the grass
3307147971_5b3abf61f9.jpg|a man in a red shirt is jumping over a hurdle
330849796_c575c3108a.jpg|a young girl with a pink headband is sitting on a wooden bench
3309082580_7228067ee0.jpg|a man on a motorcycle steers a wheelie
33108590_d685bfe51c.jpg|a man and woman are sitting on a bench
3312096605_f458757418.jpg|a man in a black wetsuit is surfing on a wave
3312779887_7682db7827.jpg|a man in a blue shirt and helmet rides a bike on a dirt path
3314180199_2121e80368.jpg|a boy in a blue shirt is jumping off a dock into a pool
3315353266_70f0bbb1c3.jpg|a man in a blue shirt and jeans is jumping over a pole
3318564834_4ccea90497.jpg|a woman in a blue shirt and a white skirt and a man in a black shirt and a woman in a black shirt and a man in a black shirt and tie
3320411267_df70b90501.jpg|a man in a black shirt and jeans stands on a rocky ledge
3321956909_7b5ddf500f.jpg|a young girl in a pink dress is playing with a ball
3324056835_84904fe2f8.jpg|a dog is running through the snow
3325129757_7a1979ac11.jpg|a snowboarder is jumping over a snowy hill
3325157569_8084ab3293.jpg|a football player in a red uniform is trying to block the player in red who is trying to block the ball
3325910784_5ecb88310c.jpg|a dog runs through the grass
3330102093_1d6e35e78d.jpg|a person on a bike in the woods
3335370208_460fc19bfa.jpg|a man on a motorcycle steers a wheelie
3338291921_fe7ae0c8f8.jpg|a brown dog is laying on its back in the grass
3339105374_cc41e0b7d7.jpg|a man in a black jacket and a backpack walks along a snowy hill
3340575518_137ce2695f.jpg|a man in a black jacket and hat is standing on a rocky hill
3341084434_db5e7d1fdc.jpg|a snowboarder is jumping over a snowy hill
3341477531_4e37450f35.jpg|a boy in a blue shirt and jeans is jumping off a wooden dock
3344798356_5cc41f7939.jpg|a person in a red jacket is skiing down a snowy hill
3346289227_198fced308.jpg|a man in a black shirt and jeans is jumping over a pole
334768700_51c439b9ee.jpg|a woman and a dog are standing on a hill
3349309109_4024a09a17.jpg|a man and a woman are standing on a rocky shore
3349451628_4249a21c8f.jpg|a boy in a red shirt and jeans is climbing a rock wall
3350786891_6d39b234e9.jpg|a group of people are standing in front of a brick wall
3351111378_b5d80783a1.jpg|a man in a wetsuit is surfing
3351586010_7ffaa90ea8.jpg|a boy in a blue shirt and jeans is jumping off of a dock into a lake
3352199368_b35f25793e.jpg|a skier is skiing down a snowy hill
3353328134_dd9ed0edab.jpg|a person in a yellow jacket is skiing down a snowy hill
3353400143_8b9543f7dc.jpg|a man on a motorcycle steers a wheelie
3354200211_35348e47d8.jpg|a group of people are standing in front of a large fountain
3355683198_715fb1a2ac.jpg|a man in a black shirt and jeans is standing on a sidewalk
3356494271_6103d0b556.jpg|a black dog is running through a field of grass
3359636318_39267812a0.jpg|a man in a black shirt and tie is standing in front of a brick wall
3370308329_7f2de5bb58.jpg|a group of people are rowing a boat on a lake
3371533654_73a12a35a4.jpg|a man in a black shirt and jeans is jumping over a pole
3373481779_511937e09d.jpg|a football player in a red uniform is running with the ball
3373870185_f79163fa51.jpg|a white bird flies over water
3373946160_1c82d54442.jpg|a black and brown dog is running through a field
3375134059_7e9eb2ef01.jpg|a dog is running through a field
3376809186_4e26d880b7.jpg|a group of people are riding horses on a beach
3391924827_53b31542ce.jpg|a snowboarder in a red jacket is airborne
3392019836_c7aeebca1c.jpg|a man in a black shirt and tie is holding a sign that says " free hugs "
3392293702_ccb0599857.jpg|a black dog is running through the snow
3395173129_f0ac0a1ed4.jpg|a man in a black shirt and tie is standing in front of a brick wall
339658315_fbb178c252.jpg|a man and woman sit on a bench
3397220683_4aca010f86.jpg|a dog is running through the snow
3398745929_8cd3bbb8a8.jpg|a man in a wetsuit is surfing on a wave
3401647850_685c03ffff.jpg|a dog swims in the water
3403263046_3cc701a07a.jpg|a man in a red uniform is holding a basketball
3410899419_4f8dca6f3f.jpg|a woman in a blue shirt and jeans stands on a rock
3412450683_7da035f2de.jpg|a black dog is swimming through water
3414734842_beb543f400.jpg|a group of people are standing in front of a large building
3416339125_0860d3d1eb.jpg|a man in a blue shirt is holding a basketball
3417672954_46b75dea8d.jpg|a skateboarder grinds a rail
3421706363_a3e22a4908.jpg|a man in a red shirt and jeans is riding a bike down a dirt path
3422458549_f3f3878dbf.jpg|a man in a red uniform is holding a basketball
3423249426_02bedf9260.jpg|a man in a black shirt and jeans stands on a sidewalk
3424927725_c4d1fcfac3.jpg|a man is climbing a rocky cliff
3425061393_d093edb8da.jpg|a man in a red uniform is holding a basketball
3425573919_409d9e15b2.jpg|a group of people are standing in front of a large building
3426144752_28d63615ca.jpg|a young girl with a pink headband is playing with a
3427233064_6af01bfc5c.jpg|a boy in a blue shirt is jumping off of a wooden dock
3427614912_b147d083b2.jpg|a man in a red shirt and jeans skateboards down a road
3429351964_531de1bf16.jpg|a young boy wearing a blue shirt is playing with a toy
3429465163_fb8ac7ce7f.jpg|a man in a blue shirt is standing on a sidewalk
3430100177_5864bf1e73.jpg|a group of people are standing in front of a large fountain
3430526230_234b3550f6.jpg|a black dog is running through the snow
3430779304_43a2146f4b.jpg|a dog leaps into the air to catch a frisbee
3430782104_34da558eba.jpg|a man is riding a horse on a road
3431671749_e8e3a449ac.jpg|a black and white dog is jumping over a hurdle
3435653630_3b6cca2c40.jpg|a basketball player dribbles the ball
3440724965_03d6ca5399.jpg|a man with a beard and a mustache in his hand
3441701164_6dbbdf1bce.jpg|a man on a motorcycle steers a wheelie
3445428367_25bafffe75.jpg|a man in a red shirt climbs a rock
3446762868_06e9d9d899.jpg|a man in a black shirt and jeans is jumping over a pole
3447155358_5b5b59b15e.jpg|a young girl in a pink dress is playing with a ball
3455419642_894d03f153.jpg|a man in a black shirt and a brown dog jumping over a hurdle
3455757720_7aeba57056.jpg|a dog is running through the snow
345684566_235e8dfcc1.jpg|a brown dog is running through the grass
3457572788_e1fe4f6480.jpg|a snowboarder in the air above a snowy hill
3461110860_37ef15af8e.jpg|a man and woman are standing in front of a crowd
3463034205_e541313038.jpg|a man in a black shirt and jeans is doing a trick on a skateboard
3464871350_3f2d624a9c.jpg|a group of people ride bicycles on a dirt track
3465000218_c94e54e208.jpg|a woman in a red shirt and a man in a black shirt and a woman in a black shirt are smiling
3468346269_9d162aacfe.jpg|a race car driver in the mud
3470008804_0ca36a7a09.jpg|a dog jumps over a hurdle
3472270112_0a7cb7b27c.jpg|a man in a red uniform kicks a soccer ball
3473534758_1ae3847781.jpg|a black and brown dog is running through the grass
3474265683_43b1033d94.jpg|a man and woman are sitting at a table with a bottle of water
3474406285_01f3d24b71.jpg|a dog jumps over a hurdle
3474985112_24ef46e82d.jpg|a man in a red shirt riding a bike down a dirt path
347543966_b2053ae78c.jpg|a man and a woman are sitting on a bench
3476451861_5b9c9ce191.jpg|a man in a black shirt and jeans is climbing a rock wall
3477315700_52a4d740a5.jpg|a boy in a blue shirt and blue jeans is jumping off a dock into a pool
3477778668_81ff0a68e0.jpg|a group of people are standing in front of a large building
3478084305_9e1219c3b6.jpg|a boy in a blue shirt and jeans is jumping off of a wooden dock
3480051754_18e5802558.jpg|a group of people are riding bicycles on a track
3480126681_52cea26bda.jpg|a black and white dog is running through the grass
3482237861_605b4f0fd9.jpg|a man in a black shirt and jeans is jumping over a pole
3484625231_5b1a1a07b8.jpg|a football player in a red uniform is running on the field
3484842724_ef1124c87a.jpg|a man in a red uniform kicks a soccer ball
3486324591_9f5eeb24b9.jpg|a dog is jumping up to catch a frisbee
3486831913_2b9390ebbc.jpg|a brown dog is running through a field
3489774350_a94e6c7bfc.jpg|a woman with a and a
3492734013_e6b177ed99.jpg|a group of people are standing in front of a large building
3493479159_609ebe1b35.jpg|a man on a motorcycle steers a wheelie
3496028495_431cfdc042.jpg|a dog swims in the water
3497234632_6ec740fc1e.jpg|a group of people are standing in front of a large building
3497502407_ec566442c9.jpg|a man in a red shirt and jeans is standing on a rock
3503471307_464a8f588c.jpg|a man in a black shirt and jeans is riding a bike down a street
350443876_c9769f5734.jpg|a man in a black shirt and jeans is jumping off a wooden dock
3506468593_7e41a6d9f1.jpg|a boy in a blue shirt and blue jeans is climbing a rock wall
3507076266_8b17993fbb.jpg|a dog jumps over a hurdle
3518126579_e70e0cbb2b.jpg|a man in a black shirt and jeans stands on a sidewalk
351876121_c7c0221928.jpg|a dog is running through a field
3520617304_e53d37f0af.jpg|a man and a dog are jumping into a pool
3522000960_47415c3890.jpg|a man in a yellow kayak is floating on a river
3526150930_580908dab6.jpg|a girl in a blue dress is holding a
3530843182_35af2c821c.jpg|a man with a beard and a woman wearing a black shirt
353180303_6a24179c50.jpg|a man and woman are sitting at a table with a bottle of water
3531811969_49af4c22f0.jpg|a man in a black shirt and jeans is doing a trick on a skateboard
3532194771_07faf20d76.jpg|a dog swims in the water
3532761259_14026c1e96.jpg|a woman in a blue shirt and a white skirt and a man in a black shirt and a woman in a black shirt are smiling
3532782283_341f0381a3.jpg|a group of people are standing on a hill overlooking the water
3533394378_1513ec90db.jpg|a man in a blue shirt and jeans is jumping over a pole
3534183988_3763593dfb.jpg|a man and woman are smiling and laughing
3535664885_c848c0faee.jpg|a man in a red uniform rides a motorcycle
3539767254_c598b8e6c7.jpg|a group of people are rowing a boat on a lake
3544312930_3a0b8d70c1.jpg|a young boy wearing a blue shirt is smiling
354642192_3b7666a2dd.jpg|a man in a wetsuit is surfing on a wave
3547499166_67fb4af4ea.jpg|a man and woman are standing in front of a crowd
3547600292_6f8aac7f2e.jpg|a dog is running through the grass
3556571710_19cee6f5bd.jpg|a group of people are standing in front of a large fountain
3559374748_f18c7caa55.jpg|a person on a bike is riding a dirt bike
3559781965_d4ec00e506.jpg|a brown dog is running through a field
3560081723_62da0035bd.jpg|a man on a motorcycle steers a wheelie
356143774_ef3e93eede.jpg|a dog swims through the water
3562169000_6aa7f1043d.jpg|a race car driver in the mud
3563668905_689ed479c5.jpg|a man on a bike is riding a bike through the woods
3563673070_71fa0903ed.jpg|a man in a wetsuit is surfing on a wave
3572267708_9d8a81d4a4.jpg|a man in a blue shirt is holding a basketball
3572346664_e1e6c77f11.jpg|a man with a beard and a hat is sitting on a bench
3578477508_b7d839da16.jpg|a man in a black shirt and jeans is jumping over a pole
3584406900_039f30b34c.jpg|a man and a woman are sitting on a bench
3585487286_ef9a8d4c56.jpg|a dog running through the snow
3590654365_fd4819f48b.jpg|a man in a black and white shirt is running on a track
359082432_c1fd5aa2d6.jpg|a dog jumps over a log
3591458156_f1a9a33918.jpg|a man in a black shirt and a brown dog jumping over a hurdle
3591462960_86045906bd.jpg|a dog jumps over a hurdle
3595412126_4020d4643b.jpg|a man and woman are smiling and laughing
3603064161_a8f3b6455d.jpg|a man in a black shirt and jeans is sitting on a bench
3603116579_4a28a932e2.jpg|a man in a red uniform kicks a soccer ball
3604391853_b4809fcb8c.jpg|a young girl in a pink dress is running through the grass
3604928725_58147c87cd.jpg|a man and a woman are rowing a boat on the beach
360723732_23199af4bf.jpg|a black and white dog is running through the grass
3612485097_b706d950ed.jpg|a man in a blue shirt and jeans is standing on a sidewalk
3613005134_bb7f304da1.jpg|a man in a blue shirt is playing a guitar
3613705104_46d854134e.jpg|a man in a black shirt and jeans is doing a trick on a skateboard
3616846215_d61881b60f.jpg|a group of people are standing in front of a large fountain
3619232550_0b1e1fd4e4.jpg|a man in a blue shirt is holding a sign that says " free hugs "
3619630328_2d0865b6f4.jpg|a dog running on the grass
3628103548_2708abcda2.jpg|a man in a blue shirt is standing in front of a crowd
3630641436_8f9ac5b9b2.jpg|a dog swims in the water
3631136463_53ff624b82.jpg|a black dog is running through a grassy area
3636247381_65ccf8f106.jpg|a boy in a blue shirt is jumping off a ramp
3636418958_f038130bb2.jpg|a man in a blue shirt and white shorts is skateboarding
3637966641_1b108a35ba.jpg|a man and a dog are jumping up at each other
3638178504_be1ff246bd.jpg|a man and a dog are standing on a sidewalk
3638631362_af29bbff01.jpg|a man in a red shirt climbs a rock
3638783120_f600ceb19d.jpg|a group of men playing rugby
3638783842_af08dbb518.jpg|a man with a beard and a woman wearing a black shirt and a black hat
3640407952_bb38fb9d55.jpg|a skateboarder in the air above a ramp
3640417354_b0b3e4aec9.jpg|a young boy in a blue shirt is jumping into a pool
3642220260_3aa8a52670.jpg|a dog is running through the snow
3648988742_888a16f600.jpg|a man in a black shirt and jeans is sitting on a bench
3650111717_346804ec2f.jpg|a dog is running through the snow
3656225270_cdf89e3240.jpg|a boy in a blue shirt and blue jeans is jumping off a dock into a lake
365759754_6cf7068c9a.jpg|a black dog is running through the snow
3660361818_e05367693f.jpg|a man in a black shirt and jeans is jumping over a pole
3667404919_b273df57e4.jpg|a man on a bike is riding a bike through the woods
3667908724_65c7d112f2.jpg|a man in a black shirt and tie is holding a sign that says " free hugs "
3668259129_e073af1533.jpg|a man in a blue shirt and jeans is jumping off a dock into a lake
3669564923_8fcb1a6eff.jpg|a man and a woman are smiling and laughing
3673970325_4e025069e9.jpg|a man in a black shirt and tie is standing in front of a brick wall
3676561090_9828a9f6d0.jpg|a dog is running through a field
3678100844_e3a9802471.jpg|a man in a blue shirt and tie is holding a sign that says " free hugs "
3682277595_55f8b16975.jpg|a dog swims in the water
3683185795_704f445bf4.jpg|a man and a woman are standing on a sidewalk
3685328542_ab999b83bb.jpg|a group of people are standing in front of a large building
3687062281_e62f70baf3.jpg|a man and a woman are sitting on a bench
3688839836_ba5e4c24fc.jpg|a man in a blue shirt is standing in front of a crowd of people
3690189273_927d42ff43.jpg|a man in a red uniform is playing basketball
3690348036_a01f243fb0.jpg|a man rides a bike down a hill
3692746368_ab7d97ab31.jpg|a dog is jumping into the air to catch a frisbee
3692892751_f6574e2700.jpg|a group of people are standing in front of a large building
3697359692_8a5cdbe4fe.jpg|a woman in a red shirt and jeans stands on a sidewalk
3699522388_2333f01f40.jpg|a man in a black shirt and jeans is jumping off a dock into a lake
3700004668_99c3e3f55b.jpg|a man in a wetsuit is surfing
3701226275_952547ba0f.jpg|a man in a black shirt and jeans is sitting on a bench
3703413486_3c682732a0.jpg|a man and a woman are sitting on a bench
370614351_98b8a166b9.jpg|a man in a black shirt and tie is holding a sign that says " free hugs "
370713359_7560808550.jpg|a man and woman sit on a bench
3707738261_777075e885.jpg|a girl in a pink shirt and jeans is climbing a rock wall
3708172446_4034ddc5f6.jpg|a man in a black shirt and jeans is standing on a sidewalk
3708244207_0d3a2b2f92.jpg|a man is climbing a rock wall
3710050559_f6f12760fe.jpg|a woman in a black shirt and jeans is jogging on a path
3710674892_857b8056f7.jpg|a baby in a blue shirt is eating a
3712742641_641282803e.jpg|a dog swims through the water
3713882697_6dd30c7505.jpg|a man in a blue shirt is holding a baby in a baby carrier
3715469645_6d1dc019b3.jpg|a woman in a blue shirt and a man in a black shirt and a woman in a black shirt are smiling
3716244806_97d5a1fb61.jpg|a man and a woman are standing on a rocky beach
3718007650_e5930b4509.jpg|a group of people are standing in front of a brick wall
3726629271_7639634703.jpg|two dogs are running through a grassy area
375392855_54d46ed5c8.jpg|a man in a black wetsuit is surfing on a wave
379006645_b9a2886b51.jpg|a dog is jumping up to catch a frisbee
380041023_0dfd712ef1.jpg|a brown dog is running through a field
384577800_fc325af410.jpg|a dog is running through the snow
385835044_4aa11f6990.jpg|a man and a woman are sitting on a bench
386656845_4e77c3e3da.jpg|two dogs are running through the snow
387078972_514a38dc33.jpg|a dog is running through a field
389643437_9a9830a3ba.jpg|a young boy wearing a blue shirt is playing with a toy
390671130_09fdccd52f.jpg|a black and white dog is running through the grass
390986651_c801db91a0.jpg|a person in a red jacket is climbing a rock
397286183_745abbf40d.jpg|a man and woman are smiling and laughing
408233586_f2c1be3ce1.jpg|a black dog swimming through water
418796494_bdb441de42.jpg|a black and brown dog is laying on its back in the grass
421808539_57abee6d55.jpg|a dog running through the snow
424506167_01f365726b.jpg|two dogs are running through the grass
425088533_a460dc4617.jpg|a boy in a red shirt and jeans is climbing a rock wall
427082246_5bf1c3676f.jpg|a man and a dog are standing on a sidewalk
427557693_1108566fd2.jpg|a man rides a bike down a hill
436009777_440c7679a1.jpg|a man in a black shirt and jeans stands on a sidewalk
439037721_cdf1fc7358.jpg|a man and a woman are standing on a rocky shore
440737340_5af34ca9cf.jpg|a man and a woman are sitting on a bench
441212506_fcc321ac28.jpg|a dog is running through a field
458213442_12c59e61a0.jpg|a black and white dog is running through the grass
459814265_d48ba48978.jpg|a black and white dog is running through a field
460935487_75b2da7854.jpg|a dog is jumping up to catch a frisbee
460973814_5eacd1ced4.jpg|a man and woman are sitting on a bench
461019788_bc0993dabd.jpg|a man and a woman are sitting on a dock
467960888_6943257534.jpg|a dog swims through the water
47870024_73a4481f7d.jpg|a man in a black shirt and jeans is doing a trick on a skateboard
47871819_db55ac4699.jpg|a man in a red uniform kicks a soccer ball
483841513_e660391880.jpg|a boy in a blue shirt and jeans is jumping off of a swing
488408004_a1e26d4886.jpg|a young boy wearing a blue shirt is jumping off of a dock into a pool
492341908_1ef53be265.jpg|a man and a woman are sitting on a bench
493542985_c85ad29ebe.jpg|a man in a wetsuit is surfing on a wave
494221578_027f51cdf4.jpg|a young boy wearing a blue shirt is jumping off of a wooden dock
494329594_6e751372a0.jpg|a young girl in a pink dress is walking on a sidewalk
497791037_93499238d8.jpg|a young boy wearing a blue shirt is jumping off of a dock into a pool
498957941_f0eda42787.jpg|a boy in a blue shirt and blue shorts is jumping off of a swing
50030244_02cd4de372.jpg|a dog runs through the grass
500678178_26ce0f4417.jpg|a young girl in a pink dress is playing with a ball
503717911_fc43cb3cf9.jpg|a brown dog is running through a field
506367606_7cca2bba9b.jpg|a man in a black shirt and tie is sitting on a bench
508261758_78fb8ae067.jpg|a girl in a blue dress is running through a field of flowers
509778093_21236bb64d.jpg|a dog is running through a field
514431934_9cf78f05a9.jpg|a man and a woman are sitting on a bench
514990193_2d2422af2c.jpg|a woman in a black dress is sitting on a bench
516725192_c9cdd63878.jpg|a man in a wetsuit is surfing on a beach
517102724_a0f3069156.jpg|a black dog is running through the snow
522063319_33827f1627.jpg|a man and a woman are smiling
522486784_978021d537.jpg|a dog is running through a field
524310507_51220580de.jpg|a man in a black shirt and jeans stands on a sidewalk
527968666_1fcddf81ab.jpg|a dog swims in the water
530888330_a18343e38d.jpg|a man in a black shirt and jeans stands on a rocky ledge
532457586_bddfc5251d.jpg|a woman in a blue shirt and jeans stands on a sidewalk
533483374_86c5d4c13e.jpg|a dog running through the snow
534655560_dc1c335b3f.jpg|a man and woman sit on a bench
535309053_ec737abde8.jpg|a man and a woman are sitting on a bench
537479916_c033897fac.jpg|a dog is jumping up to catch a frisbee
537532165_e4b7c0e61a.jpg|a young boy in a blue shirt is jumping off a wooden dock
539493431_744eb1abaa.jpg|a man and a woman are standing on a sidewalk
539705321_99406e5820.jpg|a soccer player in a red uniform is running on the grass
541046380_513e295384.jpg|a woman in a blue shirt and a man in a black shirt and a woman in a black shirt are sitting on a bench
544576742_283b65fa0d.jpg|a man in a red shirt climbs a rock
551403320_dfdcf9fc3b.jpg|a man in a red shirt climbs a rock
554774472_b5d165ff69.jpg|a boy in a blue shirt and blue shorts is jumping into a pool
557721978_dfde31bc02.jpg|a young girl in a pink bathing suit jumps into a pool
566384456_97da3c7bd6.jpg|a man in a red shirt and hat is climbing a rock wall
57422853_b5f6366081.jpg|a man in a red jacket stands on a snowy mountain
581419370_30485f3580.jpg|a man in a red shirt and jeans is climbing a rock wall
599366440_a238e805cf.jpg|a black and white dog is running through a field
608257195_6ec6f48e37.jpg|a man in a black shirt and jeans is riding a bike down a dirt path
61209225_8512e1dad5.jpg|a group of people are riding horses on a dirt road
616177206_0e16c33f6b.jpg|a man in a black shirt and tie is standing in front of a brick wall
661755629_602ea4cf09.jpg|a dog is running through a field
661757041_61e131e913.jpg|a dog is running through a field
697582336_601462e052.jpg|a dog is running through a field
700884207_d3ec546494.jpg|a woman with a and a baby in her hand
709373049_15b8b6457a.jpg|a boy in a blue shirt and jeans is jumping off a wooden dock
710878348_323082babd.jpg|a man in a speedo and a woman in a bikini walk down a beach
724702877_f2a938766b.jpg|a dog is jumping up to catch a frisbee
742073622_1206be8f7f.jpg|a man in a blue shirt and jeans is standing on a sidewalk
750196276_c3258c6f1b.jpg|a young boy wearing a blue shirt is jumping off of a wooden dock
756004341_1a816df714.jpg|a man and woman are smiling and laughing
757133580_ba974ef649.jpg|a boy in a blue shirt is jumping off of a dock into a pool
760138567_762d9022d4.jpg|a girl in a bathing suit is swimming underwater
781387473_208ba152b3.jpg|a man in a blue shirt is standing on a sidewalk
783353797_fdf91bdf4c.jpg|a man and a woman are sitting on a bench
799486353_f665d7b0f0.jpg|a boy in a blue shirt and blue shorts is jumping into a pool
811662356_f9a632b63c.jpg|a young boy wearing a blue shirt is playing with a toy
824923476_d85edce294.jpg|a black and white dog is running through a field
836828001_af98d16256.jpg|a young girl in a pink dress is playing with a ball
854333409_38bc1da9dc.jpg|a black dog and a brown dog are playing with a ball
857914283_270d7d1c87.jpg|a baby in a blue shirt is eating a
862054277_34b5a6f401.jpg|a boy in a blue shirt and blue shorts is jumping into a pool
90011335_cfdf9674c2.jpg|a man in a black wetsuit is surfing on a wave
905355838_3a43fdfd4e.jpg|a soccer player in a red uniform is running on the grass
917574521_74fab68514.jpg|a little girl in a pink dress is playing with a colorful balloon
929679367_ff8c7df2ee.jpg|a dog is jumping up to catch a frisbee
930126921_1b94605bdc.jpg|a man in a blue shirt is holding a and knife
944788251_a0bcd4b960.jpg|a dog swims in the water
95728660_d47de66544.jpg|a man in a black jacket and hat is standing on a rocky hill
957682378_46c3b07bcd.jpg|a dog runs through the grass
96985174_31d4c6f06d.jpg|a man in a black jacket and hat is skiing down a snowy hill
972381743_5677b420ab.jpg|a man in a black shirt and hat is standing in front of a crowd
979383193_0a542a059d.jpg|a group of people are standing in front of a large building
989754491_7e53fb4586.jpg|a girl in a bathing suit is swimming underwater
997722733_0cb5439472.jpg|a man in a red shirt climbs a rock
